layout,error_type,error,lost_rows,neg_control_mean,pos_control_mean,neg_stdev,pos_stdev,Zfactor_expected,SSMD_expected,Zfactor_raw,SSMD_raw,Zfactor_norm,SSMD_norm
PLAID,bowl-nl,0.03,0,101.07482136155484,36.343163155261315,4.353285292351022,5.849800554677981,0.5271362052314763,-8.877246082511073,0.32823103570917866,-6.204345054742772,0.31297571779272515,-5.913274534093857
PLAID,bowl-nl,0.03,1,100.23300576771184,34.62545556014369,4.146679387021847,5.054979690172994,0.579240847368202,-10.034531287793273,-1.1970542693218347,-1.6830978092682298,0.5628956359464153,-9.420067060621195
PLAID,bowl-nl,0.03,2,100.46623682734024,34.016958247454106,4.072876968043417,5.955429528542963,0.5472498703866187,-9.20994621619354,-1.124859171659725,-1.806301626605749,0.44096359175429567,-7.2096872642281875
PLAID,bowl-nl,0.03,0,99.91448798953786,34.82413073490304,4.298430690927464,5.810217668245402,0.5340946592306619,-9.00606944272635,0.12903791964058509,-4.860523173111496,0.48763802948741186,-8.280426919325485
PLAID,bowl-nl,0.03,1,98.9683087893881,36.042563177395735,3.9064736717461406,4.701284658737451,0.5896230590467666,-10.294606331039159,-1.1735934756456698,-1.749960500812986,0.48102355929083407,-7.989413373980178
PLAID,bowl-nl,0.03,2,100.63092757255939,33.72010410232231,3.795861410970875,6.626523141728506,0.532704097237628,-8.761731745617427,-1.303636709404631,-1.7413780125918619,0.3468790932066407,-5.988953092758068
PLAID,bowl-nl,0.03,0,99.89026469428147,35.991646284780096,3.3002231843741336,3.96131925058348,0.6590751436085261,-12.393249646336532,0.2580041685938381,-5.633249760253749,0.6366887212419858,-11.43141571961434
PLAID,bowl-nl,0.03,1,100.81334261192623,34.971941862637365,5.126503535757858,6.106597179052696,0.48817458679604964,-8.257861626953357,0.06285652119801188,-4.504378167105576,0.42482659650316923,-7.344697551154114
PLAID,bowl-nl,0.03,2,99.70113791505557,33.4459808345211,3.05851190010828,7.31543701343424,0.5302728404552972,-8.355983330639244,-1.2119622876694516,-1.7980561266546136,0.39033651658847934,-6.845395663641803
PLAID,bowl-nl,0.03,0,102.10012117697792,35.69155006041076,4.831356322102846,4.961849084018371,0.5575930075834108,-9.589052992921289,0.19640206172549002,-4.905621272375301,0.43071746413987677,-7.379152735989825
PLAID,bowl-nl,0.03,1,100.9479221502763,35.99569006852071,4.069999338819828,5.754552508979898,0.5462256707929516,-9.215190030486974,-1.3908086675547624,-1.6054140993586061,0.4767551558369212,-8.09928647101154
PLAID,bowl-nl,0.03,2,100.45957028985922,34.814240667289795,3.8064326141419853,3.8240665406527206,0.6512852080109927,-12.166473735705711,-1.2605183813382763,-1.7596512478843485,0.5067098112716457,-8.220826339923958
PLAID,bowl-nl,0.03,0,98.34627445890695,37.87036768154075,3.7596156289161824,7.367665015846767,0.4480141975021632,-7.311386603930083,0.3071834541150753,-6.044266718406819,0.2951911715358806,-5.838275452744131
PLAID,bowl-nl,0.03,1,98.69073947496646,39.84201735488409,5.2463752101199725,4.178377743911993,0.5195433674090403,-8.774278445814737,-1.2880684467275523,-1.5397147082169556,0.3822163180094311,-6.741780954392198
PLAID,bowl-nl,0.03,2,97.40273078003067,34.43816758453295,5.664785968373645,4.113765086447563,0.5340926439308441,-8.993757176999011,-2.1092751433344525,-1.0840667595058355,0.44531503747820067,-6.568359813997491
PLAID,bowl-nl,0.03,0,100.7390496783863,34.16586256094358,6.896951092323576,5.120250575667041,0.458466590455213,-7.750248029166083,0.15685982615291105,-4.619258509255122,0.11991978786061841,-4.574018192088945
PLAID,bowl-nl,0.03,1,100.30694400412646,36.88801289005665,3.963917601520237,6.131442427571199,0.5224441731318429,-8.686120784708715,-1.182930205262695,-1.775454159808507,0.4180979848860653,-6.992791347504623
PLAID,bowl-nl,0.03,2,100.63549870748247,36.09686243104013,4.061552962280016,6.368993517746346,0.5151487349988979,-8.543833841120628,-2.1469520489483775,-1.1791991818927214,0.5523715889136419,-8.775568491737872
PLAID,bowl-nl,0.03,0,99.69924146850995,34.88047837875197,6.659856904486474,4.6262124596151795,0.4776480377229707,-7.993455823790111,0.30389616800793007,-5.896678043114748,0.4344412978236485,-7.499168436835632
PLAID,bowl-nl,0.03,1,99.30962754321466,33.91821820796973,5.107538428416343,8.44648746406958,0.3781740125986005,-6.624820643991157,-0.16886626236784785,-3.627293281016932,0.40279261688526213,-7.1035451664488685
PLAID,bowl-nl,0.03,2,98.80760531161778,36.97241791673152,5.95632662245512,4.789142587361481,0.4786721123106722,-8.090554224198245,-1.4932216393794424,-1.6336932332593008,0.4760682683278642,-7.834408020884508
PLAID,bowl-nl,0.03,0,96.51334076936922,36.58005497378248,5.42590345709246,5.596586236444391,0.448262036001278,-7.688671791549125,0.3244317299049435,-6.110947270375038,0.36013118265889454,-6.465330457255034
PLAID,bowl-nl,0.03,1,103.14023603412534,33.86758657525589,3.2556394504778092,5.329076640100804,0.6282205390884127,-11.0927509049106,0.12069776232542795,-4.790772459628662,0.5422345584008712,-9.221323638009759
PLAID,bowl-nl,0.03,2,101.01772970625711,33.645649338547145,4.14171978413958,4.954581147791632,0.5949523504862314,-10.432850619210459,-0.022698985089587786,-4.129360925352795,0.5059837560385745,-8.572657427917243
PLAID,bowl-nl,0.03,0,100.54355747230416,37.75230504443603,5.353686122996513,4.513358438132584,0.5285787026243538,-8.967218441071926,0.11783894525920235,-4.457620338721925,0.3171495362470612,-6.202061144702571
PLAID,bowl-nl,0.03,1,100.64592447303556,36.409520468879464,4.901655190864125,3.7964857698464614,0.5937751608816171,-10.360773958278061,-0.9708959631337915,-1.686378329011975,0.3807383275997458,-6.6390606551809945
PLAID,bowl-nl,0.03,2,101.1167991647383,37.66763089041545,3.9386175588608276,5.399606952930147,0.5584705946931988,-9.4934797079546,-2.4900305324850738,-1.0768059542187893,0.44019875380998075,-7.342514535522928
PLAID,bowl-nl,0.03,0,99.33364139510029,33.606786974838926,3.2586469818626473,7.026460485871284,0.530552273110302,-8.486012770982539,0.19235291017678646,-5.097562990891326,0.3794385879810731,-6.574711884160375
PLAID,bowl-nl,0.03,1,101.40145650413926,34.630261427466245,2.770839145317799,4.535584353192964,0.671725652500865,-12.562817000528764,-0.8534280072286202,-1.8220345262854147,0.5483785564697297,-9.203531502019915
PLAID,bowl-nl,0.03,2,99.50290036261156,36.99876611189419,3.8382215211489963,5.104114168285672,0.5707962778798731,-9.787329953658022,-2.208149547956303,-1.0574338524061295,0.4977222994106445,-7.905297570469811
PLAID,bowl-nl,0.03,0,98.76644406575623,36.58402863017274,4.208093038520716,4.642009761548707,0.5730254572096436,-9.924597368110291,0.32919129234497,-6.212290164249489,0.49909942599423884,-8.119932868468482
PLAID,bowl-nl,0.03,1,98.73907835707034,33.752855351660564,3.2124776258075305,5.20367742525995,0.611479726232118,-10.626629350862643,-1.1492527890604451,-1.8108848512784133,0.6814208065360157,-12.418393591296416
PLAID,bowl-nl,0.03,2,101.16653337369127,36.98235058708779,5.588307892128567,4.338005387976299,0.5360392771639362,-9.072707856085525,-2.1460969967084127,-1.2162133060491802,0.41354975354705525,-7.017264293404582
PLAID,bowl-nl,0.03,0,101.40605452753758,35.02884282128514,3.7232568577460095,5.233220685568033,0.5952009441304817,-10.335013007093426,0.4092586713211649,-7.122356847447127,0.5713276260050097,-9.848180924316152
PLAID,bowl-nl,0.03,1,97.37367649185146,31.103990727783593,4.1185418897859725,3.4343597682879254,0.6580834100392327,-12.35780973090889,-1.093400605461345,-1.8165376744773107,0.6269223341217867,-11.15833816758704
PLAID,bowl-nl,0.03,2,97.69413845529543,32.53611615442492,4.947102129069223,4.981497046471641,0.5428682996379918,-9.280947320668272,-1.294746631794622,-1.7590403742709122,0.4782625715623142,-7.831975569227545
PLAID,bowl-nl,0.03,0,99.32081882901893,32.810962215491244,6.331880636089234,3.809660105107088,0.5425546862868926,-9.000464936789236,0.11178598208240809,-4.597823402421583,0.3664320698431405,-6.651252714227593
PLAID,bowl-nl,0.03,1,101.88182440192023,37.67994942831401,4.164195548577142,5.505327465506797,0.5481663260741618,-9.30079580105525,0.02117107937501772,-4.318298212906817,0.31945258087620065,-5.973984133083396
PLAID,bowl-nl,0.03,2,100.6249624378105,36.153071370791864,3.248917600259518,5.189933484525355,0.6073241712727486,-10.529496870510746,-1.177103055982721,-1.8338025375783578,0.496239441322919,-8.344168040139031
PLAID,bowl-nl,0.03,0,99.27818781032137,33.004430642208945,6.500314734643956,3.5113162815013736,0.5468056387349765,-8.970386715497806,0.2370287196772186,-5.281990696249954,0.3029602521184177,-6.077066934698511
PLAID,bowl-nl,0.03,1,99.98950711135015,36.8967174329188,6.0771875277346465,6.432804436095603,0.40516220501943356,-7.1295529282481285,-1.4774209274216483,-1.60738673533534,0.02882420544154629,-4.2206456384829885
PLAID,bowl-nl,0.03,2,99.43477525851964,32.137153409924295,2.837599715956092,6.095577477644817,0.6017759492141386,-10.009027740612161,-2.2416151829860174,-1.1542970630648781,0.2412557110153064,-5.421902380881262
PLAID,bowl-nl,0.03,0,101.30735965833047,36.6557611085447,2.3560666445699856,5.731783921222083,0.6247029889184912,-10.432509588816043,0.1570933706659864,-4.658591792191586,0.31246790704752125,-5.958509549636592
PLAID,bowl-nl,0.03,1,99.93693769196184,38.66303028646982,4.549367165918628,3.55449890182457,0.6032308166289633,-10.613291065885571,-1.629754232675464,-1.5081496653135515,0.4004960987427679,-6.545343890122615
PLAID,bowl-nl,0.03,2,100.4931037782127,33.551778837308156,5.824700682233669,4.438848548155661,0.5400352813699189,-9.14088662412815,-2.2736068708745227,-1.1750590232335825,0.572318965630813,-9.532752561660704
PLAID,bowl-nl,0.03,0,99.09515682741474,34.92873157219125,2.8382275301384245,7.040660599264133,0.5381281679581318,-8.452729290067133,0.10109890335849736,-4.577147121275873,0.29941553479314964,-5.832057212384027
PLAID,bowl-nl,0.03,1,101.14008310172517,37.48508770005085,3.8723825732361115,7.503180009203966,0.46388044595754385,-7.538915443330839,-1.3246260476754164,-1.6894856484822534,0.2669616709936512,-5.490591329381795
PLAID,bowl-nl,0.03,2,100.43317248089083,34.997472650163154,5.96378699403167,4.903328889721188,0.50178040831544,-8.475345561094949,-1.2661478106702,-1.7781087372962991,0.37868731283796975,-6.782052500886282
PLAID,bowl-nl,0.03,0,98.12769482701275,37.5433919697639,4.73119189255605,4.768288228918467,0.5296068615071348,-9.019281938304589,0.24733129260826647,-5.620306774786843,0.5427187560859772,-9.1609590099301
PLAID,bowl-nl,0.03,1,100.88415521053825,34.259896713737305,5.847212396969333,3.839701052053773,0.5638114254064875,-9.52424575810804,-1.080335694524397,-1.8441652377269673,0.5139153696864802,-8.544102958740382
PLAID,bowl-nl,0.03,2,101.71066635864992,38.81385638663917,5.07944337590019,6.359807063770126,0.4543800975871043,-7.72756365249797,-2.2029677637281204,-1.1995439484885602,0.5807165866821278,-10.118120803731948
PLAID,bowl-nl,0.03,0,98.48670381702155,34.70339519470131,4.421128319092966,4.91993156008756,0.5606502666163795,-9.642898186189132,0.3140954723079291,-5.919684003213093,0.41492030323145956,-7.230562103770502
PLAID,bowl-nl,0.03,1,99.03305948628386,37.46127343561586,5.3034804478491955,5.511061930544392,0.4730764004720832,-8.050236007797285,-1.2323879529015151,-1.5414099153445175,0.4096269534424677,-7.079287572096324
PLAID,bowl-nl,0.03,2,100.17047413013283,35.585021575065284,4.318214271740395,6.24975830932171,0.5091167362161846,-8.502027691218487,-1.2841887864082113,-1.6762886240997719,0.22899859965690406,-5.001182054789225
PLAID,bowl-nl,0.03,0,98.15757534397207,36.52150341902287,4.506466786610053,4.642393620197545,0.5546993771140549,-9.526536212511225,0.4128051922004893,-7.224246899318885,0.5320786929419687,-9.020900903102703
PLAID,bowl-nl,0.03,1,101.62222357426747,35.55236878744549,4.994216092305105,5.832731694301984,0.5083863364824626,-8.604264213160377,-1.1833452796944637,-1.7832228109540618,0.17951898313433368,-5.1574329411781035
PLAID,bowl-nl,0.03,2,98.92977476721417,36.593249039250445,3.869705929295154,5.438290303998562,0.5520445136493283,-9.339434169451565,-1.2758541205615188,-1.7652043969286764,0.16965934244274605,-4.8744802424981994
PLAID,bowl-nl,0.03,0,101.50846087934478,33.70226209476362,3.047773703155903,5.872527807868718,0.605332476782946,-10.248346583771161,-0.0018098208761687662,-4.14330414515536,0.38153730246472184,-6.579772877123428
PLAID,bowl-nl,0.03,1,99.82485618158339,34.28224191057309,5.5240791349768745,3.977801419151283,0.5650823211824096,-9.62838519557262,-1.0554418405142436,-1.6818204097384435,0.3906784758567087,-6.613191655998608
PLAID,bowl-nl,0.03,2,99.63603944187915,35.33047942460005,5.829753021377133,4.909482825123184,0.49899032788387276,-8.437259720270754,-1.3337368227732558,-1.6517363320019234,0.16546767672558738,-5.055224616737894
PLAID,bowl-nl,0.03,0,100.99556630475601,36.44004461157095,3.7480486646365843,4.954451444748775,0.5955806777886798,-10.391324866569867,0.3078470797323982,-5.9803659919719,0.5607807224984895,-9.659495027371241
PLAID,bowl-nl,0.03,1,96.80719799723818,39.38798700059444,5.067018199178531,5.4612361574253,0.44992690561948534,-7.7074659359240965,-1.4002369196929263,-1.5060782724897799,0.3350599825780558,-5.350001359831733
PLAID,bowl-nl,0.03,2,99.88950935475427,38.85554201257923,4.4390763157134066,6.160245164596924,0.47901200224029516,-8.038162976852165,-1.5313439165643925,-1.5735637715816484,0.3729331789444277,-6.624547590263655
PLAID,bowl-nl,0.03,0,102.5679728330899,37.991759404889365,7.311760722578521,5.083092498371335,0.4241755951795865,-7.2516506559366025,0.07187572535673592,-4.451959580093377,0.43457922638350344,-6.66636423320624
PLAID,bowl-nl,0.03,1,100.64243830518436,34.13711699627353,5.223034460724846,6.024942797315413,0.49261305546689327,-8.340576112700033,-1.19976370620709,-1.7643794165064977,0.4315397110661785,-7.344667285777192
PLAID,bowl-nl,0.03,2,98.34116909090122,35.03685195819257,3.150501379327584,6.040282026932698,0.5644475532216977,-9.292325804831425,-2.42931012436136,-1.0974782961496967,0.5163243493894116,-8.46266644353282
PLAID,bowl-nl,0.03,0,98.63769343428474,36.96515961709945,5.42108384401287,5.8527804933283685,0.45159391193038356,-7.730646655970122,0.0879727372900625,-4.632196604981167,0.3645250241283363,-6.608613213357146
PLAID,bowl-nl,0.03,1,101.17800387837119,33.77000692505807,5.021247574194357,7.116093689327031,0.4598263494495588,-7.739781765537541,-0.12144197525635492,-3.7688038598891445,0.4376140110901572,-6.8327893575301735
PLAID,bowl-nl,0.03,2,98.05605199980415,36.13259701350931,3.789919035372146,8.933303236029074,0.38359920610612686,-6.3812374594950105,-1.514745655620854,-1.6236466849783033,0.11627556792846361,-4.31883665718088
PLAID,bowl-nl,0.03,0,97.85036218107226,36.365995300220355,4.600553199023136,5.068623462479348,0.5282129188917244,-8.982183939411371,0.15157403963976412,-4.999102712734785,0.5322503024747877,-9.03730821580011
PLAID,bowl-nl,0.03,1,99.64374504140976,34.60877944558219,5.317852920648436,5.36421306716397,0.5072466377149403,-8.609988396024695,-0.12959225434154398,-3.7553454610747483,0.1510754744332904,-4.749088906937942
PLAID,bowl-nl,0.03,2,97.58510010383957,34.60071632348134,6.463194230828974,4.514244683168493,0.47713520772330875,-7.989283447654714,-0.22095969639218493,-3.4354741939864697,0.4058370575039746,-7.130321761673534
PLAID,bowl-nl,0.03,0,96.24209986195233,39.39287406452716,4.972013552554947,6.0481374549922595,0.41845376856233274,-7.260912126104669,0.25555332634102557,-5.684036788915658,0.3395847612088333,-6.27295709406256
PLAID,bowl-nl,0.03,1,98.5719526566938,37.999522948232695,4.885389151862057,5.386499054131295,0.4912592285583097,-8.329588093988647,-1.3802316750066614,-1.6550174198958099,0.5075876301141481,-8.080241081251895
PLAID,bowl-nl,0.03,2,99.41318150696029,36.69439135334969,4.90726479994198,4.46415499287199,0.5517410442774073,-9.454146876378804,-2.5172197428245973,-1.0655358832512376,0.3188060312928235,-6.033794752304248
PLAID,bowl-nl,0.03,0,97.94742402190138,37.36726354645988,5.1222806184385785,4.732178690727718,0.5119957145131112,-8.687055505196563,0.07815539094000001,-4.5942313895146025,0.43168457049800246,-7.379894920947456
PLAID,bowl-nl,0.03,1,101.46607738173694,35.81289805824877,4.687981571313175,5.984406449044641,0.512328810409659,-8.63631190198553,-1.222623619228811,-1.748418541457328,0.578392030873577,-9.312990287665249
PLAID,bowl-nl,0.03,2,101.05309474840034,36.32336718504051,6.532296639375391,7.169624407971018,0.36496313688631854,-6.673720579986283,-2.213976895450747,-1.1988153633598793,0.2992248593253356,-5.334145135409984
PLAID,bowl-nl,0.03,0,100.17474982046295,34.77697808674652,4.794330891303762,5.299480416686458,0.536965356445642,-9.151232536182915,0.373756767535091,-6.648062496463591,0.4336851502143082,-7.4914580597787825
PLAID,bowl-nl,0.03,1,101.48898313738746,34.1712336589778,4.703297799765435,4.924579170922265,0.5709358804199665,-9.885516821054852,-1.189458141099922,-1.7719477783339694,0.4360293725643082,-7.166302769005035
PLAID,bowl-nl,0.03,2,99.25136389965056,34.140410563112454,5.7101843394389595,7.357069944652611,0.39792368498041963,-6.991376054722444,-2.32854108678092,-1.1304274930821743,0.22008185800942892,-5.273368968244624
PLAID,bowl-nl,0.03,0,99.72275156824631,38.01621681171112,2.293373553048176,5.576792286049338,0.6173744383727201,-10.23335827711981,0.1568235780440288,-4.973407739305306,0.34452273399484756,-6.17269226563609
PLAID,bowl-nl,0.03,1,102.56024746996331,36.907974138095604,5.735113604784261,5.207764804575787,0.4999619424885159,-8.474800430861455,-0.05982013533970898,-4.002963041635314,0.3052119872801836,-6.095736978680371
PLAID,bowl-nl,0.03,2,97.98941245920017,35.42195592445816,3.5697831367952926,6.3559768939587835,0.5240771841871545,-8.582827719127344,-1.297837211598639,-1.7157529486719079,0.4968037953355655,-8.262287017812012
PLAID,bowl-nl,0.03,0,99.4213578216123,35.69286518518497,4.654113952985399,4.557349689479226,0.5663730651052932,-9.783540359693394,0.32555757004780017,-6.241671028746426,0.5368438526132332,-9.15896277708858
PLAID,bowl-nl,0.03,1,100.8680397405651,35.65551513473305,4.730853694979733,5.689965159311911,0.5206065590645897,-8.812770464456555,0.07799406692247834,-4.581262910035813,0.3996453880942883,-6.972658033847385
PLAID,bowl-nl,0.03,2,99.76482054189061,36.0988558152023,6.720006174629344,5.835179320516871,0.40838787808944466,-7.153578495035519,-0.09192298723377568,-3.8327517203436927,0.39811844467148916,-7.045585234353682
PLAID,bowl-nl,0.03,0,100.09840000696171,37.0136530992488,4.075415621051938,5.255896648180125,0.5562487260407227,-9.485252556972696,0.3506389263548825,-6.269209646448593,0.40145504878514593,-7.085972338485517
PLAID,bowl-nl,0.03,1,102.24643564679403,37.04698682998396,6.054074195468161,4.34278935686327,0.5216126635574783,-8.75088385356841,-1.0476573761197274,-1.6998169224725088,0.4484073004591722,-7.6343924012636855
PLAID,bowl-nl,0.03,2,98.62249074941694,34.98696226956709,4.171975037657277,4.719236382663227,0.5808373891417009,-10.102587185728346,-2.177993613676441,-1.1693883951957804,0.5594619730399358,-9.585006849732506
PLAID,bowl-nl,0.03,0,98.9172296453709,34.73031024381588,3.235551876701521,7.13074153759264,0.5154950489471681,-8.19707041303066,0.18347676011383474,-4.947159018731605,0.30343663029243995,-5.923581470603301
PLAID,bowl-nl,0.03,1,101.62500598693553,36.28219174679873,5.060288032104765,4.50907978324761,0.5606540094744927,-9.64073848288312,-0.04257762816153421,-4.050361711144693,0.26373103534107056,-5.76167941504575
PLAID,bowl-nl,0.03,2,99.30209430759763,37.065460099794805,4.801758970787122,5.352965161628732,0.5105106054493518,-8.654741555249709,-0.20165829612991004,-3.526904077034033,0.25179062389973483,-5.64029008508834
PLAID,bowl-nl,0.03,0,100.23216077184176,34.61800277608913,5.121778127453645,4.1148738275839625,0.5776832819083564,-9.986946068365164,0.2839945326494655,-5.405264055958921,0.39881996457356483,-7.054713553870155
PLAID,bowl-nl,0.03,1,98.36416699858869,33.83776136700735,5.71172722997727,7.724645415568255,0.37530817744932654,-6.716620320220249,-1.3346754956174798,-1.6831096332986997,0.18620318249141687,-4.997527756684722
PLAID,bowl-nl,0.03,2,99.11478795428046,35.220864895336874,6.196944442093561,6.401751218144807,0.40845568449682823,-7.171195968101226,-2.4221680652949638,-1.1332282363702613,-0.1790247629946755,-3.24794319696214
PLAID,bowl-nl,0.03,0,102.05574147538684,35.3889476211785,3.740706630836087,5.985965731894198,0.5623005787258379,-9.444682132090195,0.3364620539984762,-6.353154000219874,0.47328389841381835,-8.000072870333224
PLAID,bowl-nl,0.03,1,99.12914646007523,40.02452053676843,4.994658376578175,5.139777782199444,0.4856018796940921,-8.246930962202528,-0.10320807236057838,-3.838639093452952,0.23278819784389282,-5.521861968368829
PLAID,bowl-nl,0.03,2,100.52161104860859,35.694797158791445,3.8485371413223226,5.340393944480755,0.574762484791199,-9.848159933695001,-1.0919024438800702,-1.8142228459445213,0.490807426593558,-8.259255423910353
PLAID,bowl-nl,0.03,0,99.26999758582667,33.49841605856777,4.344291857022754,5.368563563017151,0.5569733069586704,-9.523680862071853,0.3164780935035306,-6.103458646412776,0.41921467943440727,-7.267240194249559
PLAID,bowl-nl,0.03,1,99.84769776550874,39.97604075228869,4.333812779100271,7.453024203635823,0.40939481697657953,-6.944494902608666,-1.620916546918437,-1.524433543697431,0.011525306349515096,-4.0526570038804826
PLAID,bowl-nl,0.03,2,97.81955373846021,36.96895235043303,4.3853723189541,6.067496577347719,0.484662337370498,-8.128165611193463,-2.209058653369989,-1.2006162089775096,0.5166784002384812,-8.503830869877444
PLAID,bowl-nl,0.03,0,99.74204826868588,34.01034130191111,4.723600822557856,5.537890821373263,0.5316647573544088,-9.03059389449646,0.21511093091093048,-5.305909235955761,0.3223298060181028,-5.83394390753487
PLAID,bowl-nl,0.03,1,100.51147038251324,34.514050609378586,4.396084594711484,5.4930052183680536,0.5504783438319332,-9.380591175317708,-1.1641557597497645,-1.7924258992147584,0.5036724309465004,-8.546367578504011
PLAID,bowl-nl,0.03,2,99.26095855888994,35.946273738426875,3.766685262997296,5.305640002934434,0.5701317020692367,-9.73062297901745,-2.246878748698221,-1.1460502151677596,0.4850785720151841,-8.040975687933113
PLAID,bowl-nl,0.03,0,100.69067577644185,36.57179961840137,5.526873860877609,4.726739052555587,0.5202529959433453,-8.816692631604473,0.16131303159718147,-4.952869192948135,0.4435053695032485,-7.622046881826105
PLAID,bowl-nl,0.03,1,98.64170339365089,34.08060129206826,5.424955718029589,4.266545485110955,0.5496591188348239,-9.354367726038468,-0.9792227963109874,-1.7002329741335844,0.542886661601239,-9.06763110001583
PLAID,bowl-nl,0.03,2,101.00386603067886,35.13798642425485,3.972769324436768,4.351873214153744,0.6208366491876959,-11.17789503746637,-1.2130511210410582,-1.7402241800406102,0.5444348217983253,-9.211833118222815
PLAID,bowl-nl,0.03,0,100.12178980416233,32.38110109925105,5.4234803297041205,5.223903810998289,0.5284643095193188,-8.995916226626072,0.09681606687746702,-4.434594477930789,0.31658713653368353,-5.955200080767823
PLAID,bowl-nl,0.03,1,100.84938109825224,33.13915883309446,4.269571821976225,6.974226805097744,0.5018271281236164,-8.280213889760489,-1.2893220311440432,-1.696324004019035,0.4706593991558432,-7.906655336137369
PLAID,bowl-nl,0.03,2,99.10197037759333,36.276260360581524,4.8364777443829565,5.195035873830868,0.5209836729820874,-8.85133323726364,-2.272221927079408,-1.179439398377233,0.5616963719397763,-9.466347772495956
PLAID,bowl-nl,0.03,0,101.16878236692145,35.58893439995055,4.895445761159598,6.862215892135814,0.46213682932520117,-7.779861632307781,0.2738081244710945,-5.763340814625808,0.353528883213186,-6.439996323060238
PLAID,bowl-nl,0.03,1,100.83040503680915,35.34870230660899,2.61215707839174,4.792122812524082,0.6607779158665203,-11.997774859870628,0.08342013744222632,-4.587037569334418,0.6088468702454034,-10.771351910899023
PLAID,bowl-nl,0.03,2,100.29716696269955,34.52325349285368,2.414397063004845,5.798422941378923,0.6254068107951819,-10.471877535199152,-1.1377393066983048,-1.8595541263113233,0.5392076043098273,-9.147724663796893
PLAID,bowl-nl,0.03,0,99.06998279387781,36.95718061852701,4.728960225261439,5.732262699676371,0.49473107514592374,-8.358444212217035,0.0625381914737817,-4.39927122780574,0.3226228794829048,-6.247325461678488
PLAID,bowl-nl,0.03,1,98.04754012992301,35.47250733231423,3.6843950077004504,4.5373168230715635,0.6058310417176707,-10.706052650264995,-1.0714577240691718,-1.7029109065286705,0.5083712316600564,-8.269364381105936
PLAID,bowl-nl,0.03,2,99.8771787786907,36.97791661367942,5.477276375388627,5.785488557755269,0.46281890062890185,-7.8950152549476185,-2.6122371025289914,-1.0515783335994227,0.39584699521537736,-6.944024569031324
PLAID,bowl-nl,0.03,0,101.90177496083454,35.01512643972928,6.927114223788956,6.788738638705301,0.384816559099995,-6.896194709029263,0.2035189680545424,-5.087830015839848,0.27475525663280753,-5.514597877789555
PLAID,bowl-nl,0.03,1,98.17588112368139,38.14644729583814,3.7427011613759746,4.44832341745284,0.5906495835533135,-10.326080238098497,-1.1778491339999637,-1.5937152141069861,0.596605462566929,-10.483903582013351
PLAID,bowl-nl,0.03,2,100.66079755504313,37.3254684381226,4.067234671889107,8.191305411740977,0.41935060946789393,-6.925311701794084,-2.5994602040397283,-1.0616828411037789,0.44831468082305204,-7.451293029050747
RANDOM,bowl-nl,0.03,0,100.80713372449888,33.624967779013076,3.7951471689449243,7.790609810799057,0.48264140564572855,-7.752529896696397,0.23109873231879985,-5.509851824861272,0.4638106021392867,-7.6528514757465675
RANDOM,bowl-nl,0.03,1,98.94324497178718,35.67395092903196,4.425636603908654,5.576159800649611,0.5257511614812995,-8.887415153039573,0.27781566534934055,-5.818984011900081,0.4554739877561764,-7.662620162544951
RANDOM,bowl-nl,0.03,2,100.07913861458113,36.92345671261303,4.709645058284998,4.700158949000461,0.5530186489685154,-9.49175736631156,-2.5358819906979377,-1.0587595769700093,0.3560585546801055,-6.469600025429335
RANDOM,bowl-nl,0.03,0,101.69380774805609,38.572800775522374,5.393148253970621,7.286114301149113,0.39738306643443044,-6.963186067156764,0.09538004491482943,-4.669464241407861,0.21744378241538365,-5.0183932396387965
RANDOM,bowl-nl,0.03,1,101.68131229385935,34.16576879498335,5.570317406520585,6.526340923682105,0.462494514448925,-7.868668599490575,0.13987457200460396,-4.777435147922037,0.4615550874454938,-7.655217862034949
RANDOM,bowl-nl,0.03,2,98.77516352378274,37.692376741655615,5.080811588506098,6.729803344475253,0.4199373233358854,-7.243843839325023,-1.4193650030163356,-1.631374587783549,0.34951892211180113,-5.978534375501185
RANDOM,bowl-nl,0.03,0,100.60130893905884,34.91535759313315,4.143451431561951,3.7265561770257523,0.6405620632420426,-11.787015529451034,0.2706610594391826,-5.526972562073311,0.09009164935300207,-4.26957685001368
RANDOM,bowl-nl,0.03,1,98.56111047818324,36.38485042255914,3.265352664170306,4.06785668908915,0.6461731850693968,-11.919565807598138,-0.028745586313236426,-4.063838679405355,0.0945625542393631,-4.228052347741284
RANDOM,bowl-nl,0.03,2,97.90565121717303,35.85556406483272,6.562151638282761,5.550534545056007,0.4143753825711466,-7.2195072841607635,-1.3879565136862921,-1.6804051980458428,-0.35235941763874834,-2.823100035194842
RANDOM,bowl-nl,0.03,0,99.72031131260985,40.218700447947526,3.863017988520639,8.51263611691741,0.3760343329063778,-6.365069022543566,-0.03381152014086153,-3.988314928993007,0.28076938540245744,-5.050598632057095
RANDOM,bowl-nl,0.03,1,99.20803376110703,37.72161280492377,6.133771425600754,5.368584139440901,0.43878556991119144,-7.543077318383075,0.06312256233608204,-4.294041663271301,0.3032268653067707,-5.24774556416916
RANDOM,bowl-nl,0.03,2,100.22406450848777,35.90885922218767,6.349686368704046,5.214466649167924,0.4605869809606934,-7.8276652653472985,-1.4831913226049545,-1.5680259156509464,0.3255332726784639,-6.021536673397186
RANDOM,bowl-nl,0.03,0,99.34116702178699,37.11994073693227,5.815387980294647,5.221827958766802,0.4678399993983393,-7.960987167038588,0.06296645735828565,-4.261007269194921,0.13704307545828165,-4.757958099956917
RANDOM,bowl-nl,0.03,1,100.11491134589478,33.27802731633538,5.133295529537013,4.26592913911198,0.5781120796493711,-10.013774952201734,0.46698888580940534,-7.718878540125832,0.5534195337625583,-8.668288065514252
RANDOM,bowl-nl,0.03,2,98.50579373765508,35.39280904935937,6.742376695762584,7.415867704576263,0.3270048404335175,-6.2969973101812435,0.1066860830426779,-4.680580767537847,0.34976198556316174,-6.517926401291592
RANDOM,bowl-nl,0.03,0,100.31452268863652,35.60006811776032,5.869716880395669,4.867474715070751,0.5022506949954947,-8.486757592881652,0.373058664118996,-6.414045499681992,0.4611943754655883,-7.869712962463892
RANDOM,bowl-nl,0.03,1,98.47440876343549,35.66178066717083,5.0682659047030985,6.516448402240951,0.4467013405716913,-7.608683397162997,-0.027673591551504728,-4.127897750267235,0.2837141774669455,-5.900538928086747
RANDOM,bowl-nl,0.03,2,100.29120345898967,33.70350418180012,6.14323341950086,6.125074868275127,0.4472714140472497,-7.67580354565707,-1.0444214328881065,-1.8723919361386898,0.44829301009238387,-7.1097040284009525
RANDOM,bowl-nl,0.03,0,98.16241248511771,35.447974149272696,4.738818669233273,8.345795609619575,0.3740860338037557,-6.534572711874371,0.061719255618700175,-4.497949524878833,0.45420981755105794,-7.77336715976107
RANDOM,bowl-nl,0.03,1,101.21294888946287,36.12053489775904,3.4180172339046417,7.959944908588666,0.47560884081161336,-7.514042548524094,-0.021286537835885744,-4.110482453579586,0.3226392428298642,-5.776883676834928
RANDOM,bowl-nl,0.03,2,99.7432211056084,33.628726275591085,3.976583974031258,5.540444305052671,0.5681569539227725,-9.694484332737819,-1.2655104908255712,-1.7255330659413244,0.4238627245450758,-6.707271664404031
RANDOM,bowl-nl,0.03,0,99.73628069601071,38.15246917072868,4.437246327682691,5.474051688234466,0.5171800297624514,-8.739522587087613,0.09441017458528633,-4.450317434214746,0.11304809268399507,-4.673315250490271
RANDOM,bowl-nl,0.03,1,101.96320653980365,37.124852270369544,5.14455790137945,5.10269158962736,0.5258709321141328,-8.948207493116797,-0.020331244589325337,-4.144990117307707,0.05990861086385435,-4.358395418599688
RANDOM,bowl-nl,0.03,2,100.61235394622514,35.720418553057875,4.8347366892228525,6.56590358829489,0.47294034882253666,-7.958411289416687,-2.292748842538437,-1.1300186628339375,0.040747119215701844,-3.4601774060116504
RANDOM,bowl-nl,0.03,0,100.71614664573407,36.387574128537146,4.558512194855466,4.905010183098916,0.5586631877106629,-9.606721228371526,0.18256086949430606,-5.15278216630761,0.5378782342593518,-9.063083375274166
RANDOM,bowl-nl,0.03,1,100.51603117599753,35.31548035249813,3.931246758445539,4.71016188698549,0.6023925318288945,-10.6273400253599,-0.05544328528735187,-3.8597096653073444,0.6740376251680453,-12.998128404668172
RANDOM,bowl-nl,0.03,2,99.0501594704073,34.62639877830084,5.099497086407746,3.7291414031309262,0.5888797054987631,-10.197595379886366,-1.0228935247617668,-2.026798251315843,0.5057887327740784,-8.112059064196867
RANDOM,bowl-nl,0.03,0,100.91669660878384,32.48113421587915,4.231980782216079,5.7044738473407675,0.5644170538479986,-9.634924472524924,0.30375485217832887,-6.016914663862375,0.4672610786139181,-7.636227824044163
RANDOM,bowl-nl,0.03,1,100.78043038101094,36.82432015135383,3.614014791075985,6.44291194505208,0.5282580491520623,-8.657574605372037,-1.4170779154548896,-1.6493037443631682,0.633382491686767,-11.510674761843562
RANDOM,bowl-nl,0.03,2,99.41748782787751,34.59979701799763,5.149091002949281,6.444463565870697,0.46340785560416065,-7.857743406121192,-3.308746347700903,-0.8426912563874027,0.6272854662763918,-8.472393258975602
RANDOM,bowl-nl,0.03,0,99.7297760568584,38.56432421028106,3.974193158525874,6.874324092559279,0.46790956707243525,-7.703033255611375,0.20976251513365307,-5.361646417166837,0.2769332505187405,-5.635875322025164
RANDOM,bowl-nl,0.03,1,101.29071849699278,36.90238008983153,4.982919483209478,6.869873738758647,0.4477512458692431,-7.586939734568962,0.08015227496224353,-4.484395542811041,0.5733246831418652,-9.900805637132297
RANDOM,bowl-nl,0.03,2,100.93598090840197,39.569669452972775,4.783921238955272,4.62947375560015,0.5398096396232432,-9.218076074646932,0.041307641771111236,-4.344034040921538,0.3955119226395538,-6.509823225493913
RANDOM,bowl-nl,0.03,0,99.91827962647646,36.00223176174814,5.6498765820215455,4.778815745429354,0.5105129614933884,-8.6374468838815,0.38893667433692447,-6.3907278583748806,0.5070767611086807,-8.594159841632054
RANDOM,bowl-nl,0.03,1,100.0798868297993,36.44259718805945,3.0488744232511285,6.16461092857824,0.5656562966289711,-9.25315838645863,-2.1324498697337817,-1.1869988425351865,0.5247787352403701,-8.550195321095178
RANDOM,bowl-nl,0.03,2,99.90200379518792,40.19978628026415,4.678124883976457,4.102160851624737,0.5587959994916578,-9.595429666436933,-3.4869582309589635,-0.8422884045513721,0.47297244676694516,-7.9249917003547194
RANDOM,bowl-nl,0.03,0,99.50425991302265,31.220455193487215,3.1117990559961037,6.082159730620026,0.5960700128949107,-9.99473032314462,0.16170827989036418,-4.874532156677108,0.4901949979102074,-7.633402516065425
RANDOM,bowl-nl,0.03,1,99.67928718452,33.38805677018318,3.0639636639730417,4.479473548906199,0.6586228450250118,-12.214823826661092,-0.034718453076930667,-4.09172580903261,0.3291074180658099,-5.4424702870347
RANDOM,bowl-nl,0.03,2,100.78658176532127,36.69984679184052,4.208014668962843,3.8784138324260433,0.6214616719949112,-11.198656746683739,-1.4704150691539541,-1.665342693473838,0.3554310876438824,-5.4343875772468175
RANDOM,bowl-nl,0.03,0,100.74484390392347,36.68875342137174,3.5696267053719977,3.835960181184555,0.6531670838431625,-12.224617198893593,0.33570467079686905,-6.09566012771602,0.620390653468831,-10.890712200527208
RANDOM,bowl-nl,0.03,1,101.81977025743932,36.70495228782265,6.0069582066492515,6.391914736114026,0.4287533930349585,-7.4234091632062675,-1.2086800257931007,-1.7635329730446763,0.3644346980856442,-6.1839647150219585
RANDOM,bowl-nl,0.03,2,101.02319533329619,36.51482988776944,4.274208703232493,4.809832955903791,0.5775412260225139,-10.025320843694775,-2.1699809963588703,-1.1612095093763337,0.5140894056986558,-7.401576028128193
RANDOM,bowl-nl,0.03,0,100.45549141237669,39.519014107063605,5.134499603537546,6.606255766336163,0.4219838811300948,-7.283005512070988,0.021280301899848086,-4.116619245633089,0.20241367083710748,-4.939816876268764
RANDOM,bowl-nl,0.03,1,99.42109861337573,35.36418569566813,4.963053482253343,4.427591112014167,0.5602046289836924,-9.63120699146101,0.24894960780350928,-5.233193734858201,0.2624218021484038,-5.410681694953374
RANDOM,bowl-nl,0.03,2,99.86835912406926,36.0045182313541,4.8878705089834655,5.119456154294814,0.529906445178129,-9.022682953945381,0.24833528969394403,-5.105963373184746,0.24707380520143596,-5.335222356110296
RANDOM,bowl-nl,0.03,0,99.3741587944198,36.44877476562205,5.036398528995668,7.845330816938876,0.38585693779607777,-6.749625739240432,0.09367612557296223,-4.67911419732265,0.15135666351361143,-4.6407572126319065
RANDOM,bowl-nl,0.03,1,99.371332709109,37.94113242433823,5.07541957460735,6.202332606220627,0.44924066036503585,-7.6650851057525395,-0.07209526146895895,-3.9088430835295345,0.245193345357267,-5.524081039390422
RANDOM,bowl-nl,0.03,2,101.21409866481908,37.72401190402137,3.1877153179295705,3.4138721831837238,0.6880652789473201,-13.593078914371178,-0.14155592621503454,-3.6205684300920415,0.4772768542629835,-8.074372164714177
RANDOM,bowl-nl,0.03,0,100.48511118644024,36.236238653698535,3.4694533718523206,6.914831169703823,0.5151221741861274,-8.304742839308629,0.2491251773011599,-5.555702651996442,0.36995532502128237,-6.511134100189984
RANDOM,bowl-nl,0.03,1,98.69767397286884,39.27667410806475,4.543605574119614,3.585823714392974,0.5895678645423923,-10.266004622295004,0.20789481180667668,-4.915242872838301,0.5019519349087751,-8.457719970908354
RANDOM,bowl-nl,0.03,2,100.78703240028918,35.610020900162816,3.798199687178028,5.087686767678584,0.5909959853787073,-10.26557587211203,0.18509178211216026,-5.067854119296205,0.6307116927518923,-10.827238725812553
RANDOM,bowl-nl,0.03,0,97.42165772432742,37.13630248455879,3.625484549760999,2.815420591444427,0.6794791148403219,-13.13324420133373,0.1958080123103495,-4.941070533516183,0.6415514161877183,-11.835078723686236
RANDOM,bowl-nl,0.03,1,99.79247693021122,35.1420604477761,3.117271833592981,4.839662966034721,0.6307710654057648,-11.230443339091927,-2.5761224489426024,-1.0577194489820136,0.5086701991143272,-7.858301264000721
RANDOM,bowl-nl,0.03,2,102.53998421350718,36.008581018399624,4.319942006149646,7.477294177407288,0.4680450606628216,-7.704408309858085,-7.113965853855751,-0.4593315095176931,0.23702017018615817,-4.146369243549913
RANDOM,bowl-nl,0.03,0,100.6535008733592,37.062540562732536,3.7205723980880294,3.6490775609975925,0.6523255857552721,-12.202338972328283,0.2570431760034476,-5.304981481262841,0.4180116724334334,-7.180642589079493
RANDOM,bowl-nl,0.03,1,98.46681612166144,35.069521621327084,5.176716012987583,4.842692940100569,0.5258752428448514,-8.94339508770362,0.009958034771460067,-4.280177551606928,0.31908901507737897,-6.141589376562005
RANDOM,bowl-nl,0.03,2,99.39941949142232,35.97633329330788,5.857984561873728,5.472742114486957,0.46404090266278086,-7.911407073108406,-0.05466936050375959,-4.020612814121167,0.2687383063905121,-5.702115434169945
RANDOM,bowl-nl,0.03,0,100.88891397147665,40.040926269450104,2.5470786105878607,6.024386420608612,0.577399416731525,-9.30296871350712,0.2690501566083052,-5.604533740980573,0.3715623440870649,-6.114172689412449
RANDOM,bowl-nl,0.03,1,100.06877674724532,34.7223402947199,4.351557211576482,8.164157702963745,0.42541404272444283,-7.063364377545019,-1.2390703712009987,-1.79194501151939,0.325795601656068,-6.106217187030081
RANDOM,bowl-nl,0.03,2,100.74325035624861,36.24329973604055,7.483699047893489,8.477450303147986,0.2576203920670542,-5.7038763113258115,-2.3526311271277693,-1.1789634332174397,-0.17809464063388591,-2.912868827047909
RANDOM,bowl-nl,0.03,0,101.01744561428455,37.341466386375515,2.3696182487736035,6.7775120104727105,0.5690464267613267,-8.86874789722767,0.20879587553174606,-5.32885663988455,0.35838840095768887,-6.438162410763034
RANDOM,bowl-nl,0.03,1,97.72176347174954,34.815475495848666,4.1412349986316785,3.964320431729625,0.6134461740867698,-10.972936212894247,-0.0917340625148888,-3.8458260290928608,0.4485001609038086,-7.621386800621023
RANDOM,bowl-nl,0.03,2,102.01589247861372,38.8007987424015,5.746596507208313,6.728696372481583,0.40795976993654925,-7.144032763167133,-2.592611329477195,-1.0865682167846284,0.07233483367028826,-4.3769264711447935
RANDOM,bowl-nl,0.03,0,100.28091176551669,37.42287537547162,3.197913260311881,4.4660787628260215,0.6342237621496082,-11.443400537069756,0.22043768508989736,-5.280914235402536,0.47008319046552927,-7.984917524377323
RANDOM,bowl-nl,0.03,1,101.37164916532643,34.91418981166165,5.274665480447636,6.1944341779968495,0.4822658086847842,-8.168406435358746,-1.3721147421830997,-1.7060083049152808,0.3384287984403077,-6.260448957679828
RANDOM,bowl-nl,0.03,2,101.89800295816657,35.55110393282162,4.208055092908777,3.860176905611525,0.6351796941359,-11.618603484957351,-1.217017771666122,-1.7977703469160842,0.32781572087838773,-5.7015893575051075
RANDOM,bowl-nl,0.03,0,102.18864375712691,36.789049504917315,5.546558425572756,6.174109981830978,0.4623513245875648,-7.879815520120641,0.4596655319436722,-7.677743704189476,0.46708506231681124,-7.172916932415387
RANDOM,bowl-nl,0.03,1,97.49730895885061,38.863858363156986,6.2274555166826495,6.194363623374558,0.36443349245919,-6.675344880386223,0.2330808579783077,-5.4916678294261,0.18181888890631037,-4.92027467472656
RANDOM,bowl-nl,0.03,2,99.89751184266098,35.39687164630443,6.635631772628222,5.0195270078530445,0.45790497218322346,-7.752208639538305,0.27292593801446385,-5.74002112800658,0.3766836637542861,-6.636918531562685
RANDOM,bowl-nl,0.03,0,101.93390405278839,33.04582938942349,7.076432781670863,4.681365213880751,0.48796080948661724,-8.119040334753626,0.2858652437150643,-5.343745880091235,-0.5909237742768723,-2.408482087101162
RANDOM,bowl-nl,0.03,1,96.65125769186504,31.703539087473832,4.329763860469726,4.205162158106963,0.6057632414820666,-10.760510141970986,-1.9755033125297148,-1.2160105009833824,-0.37949763145118753,-2.439149357283243
RANDOM,bowl-nl,0.03,2,99.6286378721214,36.257298445886775,4.592686238913169,6.227605864820131,0.4877672366545931,-8.189682604725242,-2.29658650567645,-1.1289036967068382,-0.5164664230825928,-2.225255109653166
RANDOM,bowl-nl,0.03,0,98.01292570020978,36.30560063085772,4.827575022108807,5.37120916768314,0.504169844747135,-8.544510967218935,0.19693157667291517,-5.019567282345578,0.3207282581914356,-6.24586651294567
RANDOM,bowl-nl,0.03,1,102.09518962834946,36.39152519416069,4.7716538166625115,4.351904335983948,0.5834224058331653,-10.173753318398129,-1.1237138445502999,-1.8107368077145714,0.7090150754340876,-14.476443251269739
RANDOM,bowl-nl,0.03,2,99.16670159863403,36.18769573418177,3.8830994914352512,3.70199330750557,0.6386847000126052,-11.73886590702538,-1.1929164894439133,-1.7602928636456987,0.6928230154423964,-13.791124106391678
RANDOM,bowl-nl,0.03,0,99.58116515133388,34.31702034080649,3.7147275597272116,7.001265343656085,0.5074174525157604,-8.234483086037656,0.4040248331471289,-7.118693192575908,0.43359247309625526,-7.199529707135648
RANDOM,bowl-nl,0.03,1,99.5401136982784,36.01308550182498,4.0934924825462655,6.627362324218157,0.49371841665829996,-8.155314621273613,0.13216277881838756,-4.686085750013427,0.3225254416423756,-6.003976452711242
RANDOM,bowl-nl,0.03,2,100.11879686476789,35.96810725513741,4.3172982766449435,5.8040588313516155,0.5266758392035845,-8.868330771930017,-1.1458795115349187,-1.7869868719646735,0.34207533865111983,-6.244707342490089
RANDOM,bowl-nl,0.03,0,101.6255671188361,36.61325325035248,3.682113787979903,7.094280832044057,0.5027221469847688,-8.133736805468812,-0.005617921909976786,-4.11292980385935,0.3417507299873376,-5.948370808675829
RANDOM,bowl-nl,0.03,1,101.6018753514274,34.42909486305011,5.161008398924922,4.178755687926164,0.582877289627733,-10.115418269953963,-0.8830536380699339,-1.7446471452147583,0.2904681386222747,-5.7907513498925125
RANDOM,bowl-nl,0.03,2,99.44874152313835,37.008774382038204,4.567275615944427,5.416411752633265,0.520322263494302,-8.812954398034544,-1.2717515706946378,-1.7880573333342535,0.14551130578838767,-4.649198254189871
RANDOM,bowl-nl,0.03,0,102.18660903112838,39.15330861947452,3.7921481436654303,6.837295021204593,0.4941034455382187,-8.062067584057093,0.2657236215267952,-5.777969722670078,0.06814980877561116,-4.22463163621217
RANDOM,bowl-nl,0.03,1,102.43219009854707,36.75342891659768,6.022154415962033,4.889423603335396,0.5015933085703689,-8.46690753563087,-2.2483169466469146,-1.197979927737943,0.06935116986737444,-3.7877918359544203
RANDOM,bowl-nl,0.03,2,98.65944699292933,38.31573375436308,4.274812386325888,4.509857051406639,0.5632683688355711,-9.711050344407973,-2.480292499241364,-1.118589604928645,-0.6093104359317947,-2.15773758867303
RANDOM,bowl-nl,0.03,0,101.26630957268108,41.205560925762285,3.502541643041549,4.471469780272698,0.6017026958725734,-10.57416724486781,-0.03753257522915998,-3.947338608506884,0.24448507826657684,-5.055441636542082
RANDOM,bowl-nl,0.03,1,97.82587376677824,35.33589472714283,6.031239747128954,5.348898714586123,0.45366575713697954,-7.751728798600795,-0.047717570769373774,-3.9869097031720386,0.5352884229829332,-9.116772561516058
RANDOM,bowl-nl,0.03,2,99.90890293368953,34.97926553785655,2.9905378161730383,6.335381535531591,0.5691065101048997,-9.268064308738026,-0.14612771003385228,-3.6335049336433705,0.5501845075393412,-8.748643283744462
RANDOM,bowl-nl,0.03,0,98.85485898441242,34.78259252947541,4.296190601845399,4.20488755501541,0.6019614119859606,-10.658253091434581,0.6151020993200067,-11.021482283188789,0.7121794734104735,-14.73331912808804
RANDOM,bowl-nl,0.03,1,99.9157205567458,35.35033446864012,4.782932795334707,4.759664903494977,0.5566077300703556,-9.568565721178707,0.4446520779757748,-7.571394095165439,0.49667525040509486,-7.774052451976406
RANDOM,bowl-nl,0.03,2,99.75673925639714,39.00255590322408,7.13528568731644,5.862703412136897,0.3581681927698327,-6.578750904368643,0.37645484552610986,-6.690675214726846,0.34031855112299236,-6.391690245215261
RANDOM,bowl-nl,0.03,0,99.49059304330305,38.5509286452706,3.729631179574669,4.825117626635143,0.5788580939500866,-9.992538352315027,0.16085035201991416,-4.9502663260482755,0.4195303173749485,-7.294762937788979
RANDOM,bowl-nl,0.03,1,99.1186335889026,35.627680104765076,3.7334536730948162,6.175907396455322,0.5317745036530656,-8.797803166128624,-1.3689832783340812,-1.6571918647759638,0.18337815270596702,-4.790585876139544
RANDOM,bowl-nl,0.03,2,102.97544947693741,33.438489346841685,4.10419660484829,4.368966919914457,0.6344463357798318,-11.600405814584134,-1.0118833743881317,-1.8877787912364343,0.5702523459842007,-9.354070681092422
RANDOM,bowl-nl,0.03,0,99.10059487382813,31.700422632276144,4.471738248442734,4.858872091306673,0.5846919957573735,-10.206867047625504,0.39308931299650585,-6.866093847963366,0.49523648839641277,-8.391818472157194
RANDOM,bowl-nl,0.03,1,100.80092889553033,33.47290331541349,6.719152540170125,6.483481709762557,0.41171744739986915,-7.210761066456009,-1.2753375513393275,-1.7679082291949204,0.01704152163852579,-4.056193484084917
RANDOM,bowl-nl,0.03,2,101.46875425379226,37.590334457275944,5.983325193390258,7.286726267205208,0.3767824171511911,-6.77503723248789,-3.62062046867094,-0.8295840021633187,0.4328161365076566,-6.642351293922283
RANDOM,bowl-nl,0.03,0,101.4923267908014,32.232383338135996,3.485666846943538,5.72534483937493,0.601024290788791,-10.332766052626583,0.29956138589561543,-5.900708452217824,0.4098956567143828,-6.910044807393689
RANDOM,bowl-nl,0.03,1,101.61076733674484,34.407116918886636,4.484551628797106,4.617334681834593,0.5936878612677401,-10.440715117605826,-0.8573820694522967,-1.8551718812586748,0.32603641965658303,-5.7742155844296015
RANDOM,bowl-nl,0.03,2,99.28724769156264,31.931095731628034,3.48689141909177,4.574660317237109,0.6409436331313527,-11.709965154623369,-3.1567119489553157,-0.8252526431646189,0.4591978079265163,-6.375440444792849
RANDOM,bowl-nl,0.03,0,102.55199750746276,35.22767554196075,4.853085176602932,5.311884135387468,0.5470447076823551,-9.357050919758944,0.24442613875137564,-5.3922837743212035,0.5115689143622453,-8.570117783863619
RANDOM,bowl-nl,0.03,1,99.00752317913391,31.66207290329873,6.128569424638271,3.8954487168160146,0.5534656862313196,-9.273920778016016,-1.1128245455141013,-1.8574199576245722,0.552447187900323,-8.761882450291639
RANDOM,bowl-nl,0.03,2,101.04685363527291,38.16021981154864,4.472309633627078,4.892257550781516,0.5532643449802952,-9.487447564671264,-1.314199795379888,-1.7604938571325828,0.29993792836190225,-5.483739192610718
RANDOM,bowl-nl,0.03,0,99.61048958663548,36.26130822533496,4.495822547772081,5.794278875451785,0.5126960821544253,-8.637857352033857,0.045300033111114524,-4.288087976807617,0.22169872257512513,-5.028451357324618
RANDOM,bowl-nl,0.03,1,98.41748834523517,35.48546015653355,5.297565781996442,5.635673686899172,0.478807225021623,-8.136362663324364,-0.10249847355984687,-3.846528956405725,0.360471773680766,-6.23057290039542
RANDOM,bowl-nl,0.03,2,101.92953693739545,32.88098958172041,4.406081118548434,5.967017796703893,0.5493127960323512,-9.308908967319805,0.013253812565361844,-4.28253791536189,0.4278725641669028,-7.414953671458393
RANDOM,bowl-nl,0.03,0,100.76360478867835,36.1148978898232,5.074129200260713,6.531511870106263,0.46144439879403853,-7.816425467372447,0.04875872911731305,-4.252720884677217,0.41813491700854677,-7.206722174465882
RANDOM,bowl-nl,0.03,1,98.20338570064953,39.25854022156999,5.587780711691185,4.820061548588746,0.470292499249633,-7.987701406686203,-1.3134565950793995,-1.4859049478082336,0.20267535910752577,-5.215685262855719
RANDOM,bowl-nl,0.03,2,98.20969943824353,36.87690751539615,6.40457576727225,3.6095621497887187,0.510173712799928,-8.342665105064231,-1.4173682531525107,-1.5939271127651788,0.3418095160853216,-6.445770187765961
RANDOM,bowl-nl,0.03,0,101.00427440457206,34.392356200338476,4.852934038847232,7.109304092664624,0.46125685369837066,-7.738607891888245,-0.007792396025663395,-4.197114611515779,0.07289995349699174,-3.8136543713717783
RANDOM,bowl-nl,0.03,1,99.35797404332439,33.082905093473485,3.567431831745231,5.015718210571429,0.6114760718478602,-10.767683453383905,-1.2420119122069684,-1.7194602607610368,0.5167570947372973,-8.671796492913348
RANDOM,bowl-nl,0.03,2,100.5409377418976,37.502074194131254,3.5283875137152525,6.679646155172526,0.5142028380086741,-8.344784513652051,-2.1450159775416964,-1.2724755771004164,0.5466857431185128,-8.287903769379605
RANDOM,bowl-nl,0.03,0,98.62913254628923,35.224076894863195,4.5201601205138315,5.487907735168109,0.5264698806967998,-8.918004657055658,0.4137127913267964,-7.192822699094535,0.5217383905297538,-8.521974925347939
RANDOM,bowl-nl,0.03,1,99.40828311092335,33.64380449270856,4.946989830492061,5.450683850391484,0.525685876356798,-8.934313941409302,-1.8781100841322171,-1.1822993761020746,0.47720350355286534,-8.074128254464414
RANDOM,bowl-nl,0.03,2,101.6279888792497,35.5490653978582,4.720920732937199,4.516526559477835,0.5806175340454937,-10.11392424372403,-1.8682135245449158,-1.169615277886305,0.677636526140113,-11.787430367790076
RANDOM,bowl-nl,0.03,0,101.30414400460127,36.861805847856544,6.871275214194931,5.4092019735986305,0.428303928486109,-7.36910426148896,0.1463317541733995,-4.697738273698555,0.2349889099469975,-5.419802612344702
RANDOM,bowl-nl,0.03,1,96.38257978723495,35.615066735156276,5.373801079875196,7.818254745754312,0.3487282021403253,-6.405357048962916,0.01630909474184994,-4.284941426217615,0.25905468647811714,-5.595694744070521
RANDOM,bowl-nl,0.03,2,97.81435830208648,37.51693264769912,4.438931079787174,4.531569850415303,0.5536873672707237,-9.50547701278287,-1.128221890251306,-1.632689582747759,0.49984117054567334,-7.7560553465447635
RANDOM,bowl-nl,0.03,0,99.50302355845527,33.97110342757559,4.914403192737827,5.046133242273881,0.5440144399041584,-9.303517645656132,0.31329128946384244,-5.780250961386718,0.45104868104509055,-7.695822919860385
RANDOM,bowl-nl,0.03,1,99.46142064607024,35.259360823846826,5.624755401911636,3.6320686275410323,0.5674520075328594,-9.588829167384295,0.02198830357335002,-4.332915353649377,0.33375922723993223,-6.3592465029439555
RANDOM,bowl-nl,0.03,2,100.75447165663867,36.47273819736106,4.245266083445679,6.130366707531793,0.5157738178816962,-8.620566605178844,-0.07078682920756063,-3.9550612313083073,0.32144275142789125,-6.079831000406142
BORDER,bowl-nl,0.03,0,101.74728504140327,38.07063104421415,4.277021730032911,5.291557680613363,0.5491952477087445,-9.358801535306846,0.5113757603612228,-8.572200994729437,0.36800293191430755,-6.5160891978951305
BORDER,bowl-nl,0.03,1,99.72442579037863,37.85743019242469,3.4142623136117702,6.2514295133812645,0.531299763295147,-8.685488415132001,-2.000690387996101,-1.122633187934459,0.4431195251147333,-7.236587803947381
BORDER,bowl-nl,0.03,2,99.6799344123288,37.11929221164492,5.71350561339359,7.904990592734207,0.34694582438386834,-6.414097396605872,-5.550162523627938,-0.5180700849200622,0.4018823623637541,-6.935187702215474
BORDER,bowl-nl,0.03,0,101.36359561728626,37.09468356560866,4.171096455213881,5.856569825499752,0.5319198990337406,-8.938535371884642,0.3851568544484465,-6.873064403869553,0.5940895401561468,-10.452038289583712
BORDER,bowl-nl,0.03,1,100.837149502846,38.67677774721886,4.019382883502041,5.1377637274013095,0.5580554128487308,-9.529131812611432,-1.2590923145080408,-1.7165575829568676,0.43004861518780224,-7.056422089761179
BORDER,bowl-nl,0.03,2,99.74399068511657,34.30834796917729,3.949799419693172,6.334428378044728,0.5285033948982916,-8.765684462013983,-2.1465729379961513,-1.2273552136750379,0.4753281415835421,-7.999560315933076
BORDER,bowl-nl,0.03,0,101.79529119251815,33.66986827721951,6.248397158719568,6.919525945265857,0.42013175667075264,-7.307075433648603,0.3432110895069522,-6.458678976114106,0.3689901967983489,-6.553861910762315
BORDER,bowl-nl,0.03,1,102.72354483294191,40.187746575481825,3.982923962737755,4.113618003091231,0.6115884569429099,-10.921632309222792,-0.08880229733249911,-3.444351647659199,0.6147105830731976,-10.99324246133714
BORDER,bowl-nl,0.03,2,96.72752445036699,34.39854518741829,3.8711630136553117,4.863634776239559,0.579579295545086,-10.026900371981462,0.09516891590776355,-3.996821500191686,0.47766901461568934,-8.00642504506734
BORDER,bowl-nl,0.03,0,100.64823385164001,34.56927715000323,4.8221050619812,7.066599965943759,0.46025002717860053,-7.723936442320449,0.2771897107659378,-5.818975417791469,0.2954649094926386,-5.978506603293317
BORDER,bowl-nl,0.03,1,99.4020304705435,35.33059508344081,5.312931098018244,4.487707435360805,0.5411072746771078,-9.212785903274844,-1.271306838520708,-1.7118467317756778,0.38158578845984403,-6.828427910804702
BORDER,bowl-nl,0.03,2,101.28975999127798,35.94844761155968,4.984931151843181,4.46990505085081,0.5659023736277722,-9.759003432614998,-2.3272498609213885,-1.16386898167481,0.42023992141247346,-7.114736119369
BORDER,bowl-nl,0.03,0,99.93975085416022,34.102270753117615,4.478539119472215,3.124424344652816,0.6535576641546783,-12.056581485907504,0.5723856948655781,-9.475218146486005,0.36962712264145237,-6.683403883139106
BORDER,bowl-nl,0.03,1,101.11355362320043,36.79446150965163,3.0484245458230523,3.5532773683188914,0.6920804524500761,-13.73829330351416,-1.89069031938888,-1.1203917983460234,0.1610737427945541,-4.493413313316268
BORDER,bowl-nl,0.03,2,102.11490803818143,34.479356732886956,2.9888953383286574,6.1418520246989985,0.5950023092820016,-9.901979440485352,-5.115794125854037,-0.5468634238744395,-0.013273264628538728,-3.436773308414402
BORDER,bowl-nl,0.03,0,101.45697840556006,37.9824723183765,5.166649050064168,6.295620946008173,0.458257935225427,-7.793764160916758,0.33652467179778855,-6.37830345222067,0.4605237121063509,-7.825174542218497
BORDER,bowl-nl,0.03,1,98.30256635223705,34.58199468640554,4.696733759268145,4.5995803834261695,0.5623243530466056,-9.693043351318819,-1.2247127945856517,-1.7393468106183139,0.29979386701805233,-6.0520761877597025
BORDER,bowl-nl,0.03,2,100.24231089670187,35.474124084997364,3.4419885066307447,3.0236988336095263,0.7005155929852973,-14.136930112960208,-2.2561046935709803,-1.1821873253094002,0.5044559662051111,-8.47823008010774
BORDER,bowl-nl,0.03,0,98.21407521809103,35.607416414964035,4.354323268557275,4.661263312948265,0.5679890883561138,-9.814992853041064,0.36035889147669964,-6.536351245324531,0.28855735866630183,-5.95006735701524
BORDER,bowl-nl,0.03,1,100.81077096533366,37.20955309043545,4.386435983527724,4.728557505665563,0.5700557099179036,-9.860941130174108,0.1676555389582901,-4.6393102355194715,0.46004424887210393,-7.812440574277547
BORDER,bowl-nl,0.03,2,101.51789328486184,35.71672074035556,4.0684876386595334,5.679110028005267,0.5555885728295297,-9.418939284233007,0.07065215725625018,-4.150200772352132,0.5243671385160888,-8.884894718563435
BORDER,bowl-nl,0.03,0,103.68975386761431,35.02722665836481,4.911449477325943,6.530529094429984,0.5000775952994088,-8.40288888030237,0.40078286752664016,-7.080296722489798,0.5558885463532459,-9.226063553924563
BORDER,bowl-nl,0.03,1,100.3143924163751,33.54157920181129,2.946684910203947,3.059600927284355,0.7301467971019256,-15.719254429495754,0.29541382187691534,-5.1858383741669,0.7318074448382635,-15.801864927763681
BORDER,bowl-nl,0.03,2,97.963170628602,36.47898088343921,3.4446609852792593,6.012726954618312,0.538545373415694,-8.872761778700022,-2.3380389065242673,-1.161030346458605,0.41267653280569716,-7.181842161781919
BORDER,bowl-nl,0.03,0,102.20755326964996,33.431724699110646,5.8177475607408535,6.258338863600481,0.4732413985261289,-8.04888566588952,0.3277376713157689,-6.290830835314888,0.3357172233860758,-6.21983073040504
BORDER,bowl-nl,0.03,1,98.4137185445571,35.858096838603004,5.647947979841247,3.3148244482550386,0.5701694499867851,-9.552160242037088,-1.2502518238913378,-1.7281245460313248,0.5975424254665926,-10.440742993885278
BORDER,bowl-nl,0.03,2,96.94122998701691,37.15517089727756,6.116396111375779,8.16110497985789,0.28357038537346846,-5.862112676801406,-2.3785638361677037,-1.1591029070886645,0.10799578954288025,-4.524924779373877
BORDER,bowl-nl,0.03,0,99.77678877958722,37.474723193617436,4.099270647987886,7.10062255959081,0.4606971806356509,-7.598781399629561,0.29660114105948854,-5.884304581963119,0.2880164194432959,-5.384907799177685
BORDER,bowl-nl,0.03,1,100.11180975080444,34.36234171453028,5.434292707027507,4.949617898195457,0.5262055687130063,-8.944863891013826,-1.1227592396538633,-1.804901238313208,0.4764290469663648,-8.090796894461155
BORDER,bowl-nl,0.03,2,99.09444896818641,36.17426642775897,4.09723408189424,5.550410363639241,0.5400055726474722,-9.120363049696723,-2.3614275960644924,-1.1535014184812178,0.3992130806050119,-6.957236688179879
BORDER,bowl-nl,0.03,0,99.84778284863333,37.25325177712725,5.9523923284042635,5.184721302967236,0.466225877529997,-7.929566882614412,0.365834125397818,-6.531724636841251,0.39474369231203277,-6.91789558393022
BORDER,bowl-nl,0.03,1,98.48187665567738,37.667016527835884,2.8753818170278365,5.713348519989613,0.5763175158688494,-9.50810699063656,-1.1496590788561378,-1.6512285849410533,0.33695441654567404,-6.3973355089613175
BORDER,bowl-nl,0.03,2,98.6236121371467,37.9266481298281,5.103101041124612,5.0497587912207145,0.49818611202096685,-8.454493257089633,-1.2831000910538641,-1.717045323562663,0.5127767377439842,-8.550924216747399
BORDER,bowl-nl,0.03,0,101.11110748343759,35.16420053038958,3.007166132620417,3.4582780594869544,0.7058795708169959,-14.389857781607152,0.6276429168713957,-10.541748783165275,0.6014025873148223,-10.478506965441614
BORDER,bowl-nl,0.03,1,97.85793096604584,34.048695774964315,6.212381164742489,7.764568415113169,0.3428717862860774,-6.4168882156170985,-1.2966850298622195,-1.7201414472257555,0.34873592660928454,-5.517137239472036
BORDER,bowl-nl,0.03,2,99.83632445047553,33.994810637049326,2.5437098209578015,5.400832838674081,0.6380151883136751,-11.028952858663517,-2.107427257325238,-1.2361476097936321,0.5237071260914347,-8.500318046355448
BORDER,bowl-nl,0.03,0,102.24790516323644,38.35011636687189,5.118425750715566,6.124925225805797,0.47212487998515607,-8.00519346457782,0.4270973095950824,-7.396924552634017,0.4408445269988305,-7.571600809241668
BORDER,bowl-nl,0.03,1,97.33482866687233,35.793057933309676,5.181210202160714,7.50420592455111,0.38161921689099243,-6.748664692369738,-1.2031683898450414,-1.7818917044750486,0.412386306419421,-6.778045880373126
BORDER,bowl-nl,0.03,2,99.61643480674984,35.74333703884535,4.258841788015297,3.7760790148712,0.622614790091301,-11.221964537401279,-3.48209497542703,-0.8055966544566691,0.5549639161748681,-9.417117069284233
BORDER,bowl-nl,0.03,0,100.57922502711202,33.959357824087306,5.389584189328196,4.350418335427281,0.5613919870897045,-9.618379206664068,0.4760346146104101,-7.88507877809658,0.47889606660526407,-8.13773463901682
BORDER,bowl-nl,0.03,1,97.50478036060831,35.91940854588813,4.065413236960216,5.3346932233695235,0.5420938682349765,-9.181978854644251,-2.1368442588323937,-1.0858962647733752,0.38047476182615314,-6.688954384483996
BORDER,bowl-nl,0.03,2,103.16877727378292,36.6005585152882,5.77032073839801,2.4235556169827697,0.6307302565008848,-10.636259211324267,-5.1085997920665465,-0.5162357746877395,0.3808603026185893,-6.823393756714104
BORDER,bowl-nl,0.03,0,100.74165362218517,36.44288852566767,5.661799860851136,5.558917569542178,0.4764728025390471,-8.103614062393834,0.3403523684940174,-6.287952626320868,0.2554878326207721,-5.565931543617626
BORDER,bowl-nl,0.03,1,100.62927199128225,38.166577559827346,5.888644329134392,4.329877513627832,0.5092180091281946,-8.545798137752174,-1.3147228665534385,-1.6796267363423867,0.43831029389568066,-7.005395397638513
BORDER,bowl-nl,0.03,2,100.50740765353564,33.83767677507305,7.226894724136325,4.953336527329986,0.45191478542171126,-7.609413355337831,-2.0388250307285274,-1.2469413036409402,0.38273566782309876,-6.207442167983491
BORDER,bowl-nl,0.03,0,101.3534714276998,35.90646534889368,8.19858408870568,3.7169145214815247,0.4538100675297735,-7.270443041756958,0.37119699431856223,-6.4745432645709435,0.36058582544894513,-6.496912023240492
BORDER,bowl-nl,0.03,1,100.81968720457442,35.521447945124535,3.488938132750213,5.797244859767252,0.5733644690347337,-9.650728094064362,-1.1001589098211317,-1.8314933084732772,0.47205657151074887,-8.021677466122593
BORDER,bowl-nl,0.03,2,96.54522049442369,35.85214612188767,7.0207736186179295,4.631734044523301,0.42402780958411646,-7.2159522074827835,-2.371404890989924,-1.146999034995712,0.35708647370451396,-6.250928632125697
BORDER,bowl-nl,0.03,0,100.37888540153337,35.354660542823126,4.651745426343595,5.779607168219477,0.5187323208898312,-8.764471543130039,0.514915085364378,-8.691793313090493,0.5749126275164727,-9.977903734930369
BORDER,bowl-nl,0.03,1,97.68910891583167,36.91102938804958,3.7496862742012267,6.883351217119828,0.4751543200804518,-7.7538786085700915,-1.358775976630981,-1.6712696000972007,0.28997133200227554,-5.975290227966897
BORDER,bowl-nl,0.03,2,98.83809103789574,35.839442333495654,4.070534959873369,6.178443043633482,0.5119429600023617,-8.51469830414021,-2.181750174708329,-1.2119086223964504,0.5835662942693125,-9.784814426706811
BORDER,bowl-nl,0.03,0,101.43925809275666,34.32827206996034,3.7543655495527437,5.2950608569615065,0.5954719066365528,-10.339101241064016,0.41629476649392116,-7.268210587365272,0.5344959319630053,-9.032779318779152
BORDER,bowl-nl,0.03,1,100.32676449959669,37.3756706947741,3.360428017945099,4.871990223507665,0.6076755266408687,-10.63630705835198,-1.3007492290232845,-1.6919468460006613,0.4419183233912183,-7.538567598929497
BORDER,bowl-nl,0.03,2,97.96054437131951,37.36055507614881,6.829155867791045,7.330730307420668,0.29901541205353965,-6.0486087310198435,-2.5586065148602426,-1.1031500288193223,0.01570780433784036,-4.2562303514775595
BORDER,bowl-nl,0.03,0,99.38153711539061,36.414655522093895,6.61360662664882,6.349352487431123,0.382391562703975,-6.868039953117072,0.19301532605003646,-5.156179902355211,0.31652023149514286,-6.117902685753096
BORDER,bowl-nl,0.03,1,100.75007122662232,36.70620891228667,5.977609985029362,5.109989864095061,0.4806247102319485,-8.143842577835281,-1.299661868494998,-1.6843730459948036,0.44213240705357326,-7.467857682401625
BORDER,bowl-nl,0.03,2,99.6749689296114,36.80925753286107,4.78850260733125,5.856311048806725,0.49202132197513493,-8.310298467480909,-2.4024364467971093,-1.1462205262232235,0.4370126765314042,-7.16691864664339
BORDER,bowl-nl,0.03,0,100.1659233943751,35.73827785394941,2.538218758378602,3.6562837883065566,0.7115600378661193,-14.475028872918974,0.37286423881694164,-6.701065103527169,0.6373305549239341,-11.619091564214953
BORDER,bowl-nl,0.03,1,99.967622501987,39.706951831684776,5.045326077258994,7.19394663848148,0.3906835463529488,-6.858075999395769,-0.17997701617784734,-3.4214748916248543,0.3623433448766147,-6.645922589957978
BORDER,bowl-nl,0.03,2,101.38560917080756,37.337677629656426,4.9255599218893655,5.127523221960983,0.5291143881489199,-9.008100234925587,-2.408997981435499,-1.1431896322272368,0.5033637250439729,-8.52913943079393
BORDER,bowl-nl,0.03,0,101.51711869451205,35.37201261808133,4.890471661010067,7.431198153958368,0.44115276794337277,-7.4353478025322435,0.3237689977572368,-6.1352794722736,0.41126496046224503,-6.832218831973992
BORDER,bowl-nl,0.03,1,99.79466753256726,37.56282789183788,3.8696947528390067,4.556203852643083,0.5938140996252573,-10.410573932280297,-1.273158877387242,-1.7138824391359984,0.44554179055267007,-7.600660628203713
BORDER,bowl-nl,0.03,2,99.79398222419165,35.21816989650266,5.712881991572888,4.8404927784517335,0.5097216253445633,-8.624118283101415,-2.221891137332256,-1.1964579517124576,0.4159984471345005,-7.1795595473880605
BORDER,bowl-nl,0.03,0,99.85218892701555,32.246724938154784,3.9553980446385153,3.635446155495341,0.6631554425223121,-12.584074385269547,0.5321027223041532,-8.95158988598588,0.5459149290587895,-9.342837428361117
BORDER,bowl-nl,0.03,1,99.68632073408722,34.147265034838185,3.951505003276215,6.544637080970818,0.5195471476238877,-8.572752927531733,-1.1841323848460599,-1.7852328775919106,0.30369561248911436,-6.007714696949564
BORDER,bowl-nl,0.03,2,98.99097317723141,37.12687153695232,3.4817027681016484,5.735517527326056,0.5530257426662541,-9.22026935074021,-2.2027520092576047,-1.1554783722842181,0.6528483699836551,-12.11870325373682
BORDER,bowl-nl,0.03,0,101.87639281683062,35.36409736690168,2.1635686067808253,4.291778997679876,0.7088351457068409,-13.838602126652912,0.49936071999631426,-8.442994123737224,0.5668297202110117,-9.748681631397485
BORDER,bowl-nl,0.03,1,102.21977865348961,37.062448490826995,4.614798498821247,5.95986663234539,0.5131170151646446,-8.64423406905123,0.40182007330349445,-7.090324852893113,0.4337758022321473,-7.39620717906055
BORDER,bowl-nl,0.03,2,101.46071440646662,32.40384664645266,6.2452195239002775,4.698671389616882,0.5245704908793731,-8.836013430750915,0.37890112418598254,-6.630010796258821,0.3814188007019923,-6.829068757557737
BORDER,bowl-nl,0.03,0,101.3651744916623,35.66359531819182,4.116094750305848,5.11299055322037,0.5785907087944329,-10.009519299082964,0.3667790036636024,-6.555945955245519,-0.39502047398729245,-2.6564576509159363
BORDER,bowl-nl,0.03,1,98.37308307676132,37.79505783005311,4.36797318754534,4.582306697508188,0.5567561084104561,-9.56905393980203,-0.04381820624431754,-3.674419991285308,-0.1755803018089439,-3.299632106534326
BORDER,bowl-nl,0.03,2,100.445133446321,35.34643664095411,3.6243819122671215,6.1588073857254715,0.5491527582844311,-9.109654334661736,0.01938300240891666,-3.940227114326573,-0.09010076425507196,-3.4680342837400033
BORDER,bowl-nl,0.03,0,101.40196168059194,35.849904109107335,5.687677956470851,2.9693752762224346,0.6038086269106309,-10.216741465165954,0.5912683178408129,-9.632641554855162,0.4552804431002685,-7.769835463699848
BORDER,bowl-nl,0.03,1,99.44490598954955,35.58447342638188,3.6755801991751933,4.535646595833118,0.6142575395076054,-10.938794114813843,0.6539025747137113,-12.02549083924383,0.6041101776191145,-10.023253085945342
BORDER,bowl-nl,0.03,2,101.0919871340624,36.19668166422728,5.155355387463318,5.837760825576536,0.4918068664543209,-8.332442283799482,0.4336259591171784,-7.4731515302343965,0.28461603235808874,-5.8124424806657
BORDER,bowl-nl,0.03,0,100.93148888978524,32.709458623634454,4.394251036375836,5.256573097581565,0.5756140312898701,-9.957457413371422,0.57979648389252,-10.031028597041221,0.6198857756935698,-10.58143337636866
BORDER,bowl-nl,0.03,1,98.23167357803672,34.25845378326527,5.6023100649900215,6.256080455803652,0.4439052516583105,-7.617780341286377,-1.157821793673674,-1.8003801003943007,0.4688446977527486,-7.975557639497552
BORDER,bowl-nl,0.03,2,103.56997577077694,36.23319540700477,7.006588669105495,6.156596757917573,0.4135514637359322,-7.2194279045424015,-2.3184549067633364,-1.1695935229030738,0.45258373249345696,-7.6414784158703375
BORDER,bowl-nl,0.03,0,97.08445501818785,37.64954645788734,6.191918531845181,4.495029573723498,0.46057216048076755,-7.767766323681069,0.44324131762599883,-7.31045707137894,0.33751821843677987,-6.391373519850224
BORDER,bowl-nl,0.03,1,99.88922844915166,34.31160755892115,4.638841343417289,6.013582441434286,0.5126802265662005,-8.634464650220945,0.2155784314057716,-4.894708288376842,0.33907146659875487,-6.180194977983364
BORDER,bowl-nl,0.03,2,102.60285661990285,36.04133016097025,2.614694347904855,5.062408327508796,0.653984677763499,-11.682027228291544,0.1644364642998135,-4.50823755573773,0.28878990310605446,-5.224675483842266
BORDER,bowl-nl,0.03,0,103.13647587253271,36.25097129406622,6.343476261556422,3.9569314098172432,0.5379982074012862,-8.946182808306597,0.4731367940016603,-7.766465623544754,0.23437532630521807,-5.511464072305527
BORDER,bowl-nl,0.03,1,100.10614846177802,38.57628849071197,6.7132403212818685,7.142885627859135,0.32441943038761634,-6.276975327582461,-0.10257490192551155,-3.528277063022969,0.14950428773086222,-4.8651446585867815
BORDER,bowl-nl,0.03,2,98.0280764050404,35.96094252886652,5.112047361093092,6.154309191076673,0.4554433635692019,-7.757873559727322,0.028069182307166707,-3.7689123699500477,0.4647931818872383,-7.873943421028798
BORDER,bowl-nl,0.03,0,101.3925414846938,35.88903948558362,5.26130904739198,6.459846846617506,0.4631818664824038,-7.862314043002287,0.3451564939792299,-6.452018905387245,0.32586837171289396,-5.97576270504532
BORDER,bowl-nl,0.03,1,100.79119146571523,39.204243737488916,3.9056312224460408,6.35439891753334,0.5002173097493656,-8.257051887777832,-0.0012135038453540137,-3.7455000501407194,0.41982504048566416,-7.1624113161982015
BORDER,bowl-nl,0.03,2,100.56116637891617,34.93187891542003,3.6266055478831682,5.25845019679647,0.5938525578406613,-10.274214486365596,0.13030906816280707,-4.266894868722858,0.5816313340939168,-10.12169658232347
BORDER,bowl-nl,0.03,0,103.36734073622058,34.24083042496903,4.066448843669479,7.042541975410634,0.5178843499088686,-8.500298866931933,0.4189891682431568,-7.240571943727649,0.48436744707854806,-8.135927403476945
BORDER,bowl-nl,0.03,1,99.44609645086132,39.304527238530774,2.7142153027707328,4.362412525903675,0.6470015038837637,-11.705567396797294,0.17112618652768286,-4.34493760404081,0.6562988061166012,-12.342939127575452
BORDER,bowl-nl,0.03,2,99.54556004702775,39.8181851471774,6.2027469578001355,6.962658010581511,0.3387250825710758,-6.405189016903001,-2.6309147095811936,-1.0848876747379526,0.2873952315602287,-5.952559262737922
BORDER,bowl-nl,0.03,0,103.00385810565311,34.34240945254716,5.745469404579438,5.652819674266829,0.5019786516695934,-8.518712202081621,0.39767393600066125,-6.969969817414405,0.42543310649355837,-7.351796862205519
BORDER,bowl-nl,0.03,1,99.20053847094157,33.29499957918728,6.1010763460693145,7.369750153852049,0.3868120922865216,-6.888507255912678,-1.180848418393607,-1.7959375494693846,0.1931593875013652,-5.207302037123441
BORDER,bowl-nl,0.03,2,100.68960374683391,34.32569279103912,3.8301420588385553,6.059327862841735,0.5529436204445051,-9.25788799479445,-3.510678922837565,-0.8059493319324695,0.6069108031988639,-10.792944786906043
BORDER,bowl-nl,0.03,0,97.71543538372137,32.334767617862525,7.0850140772981325,6.074507257386653,0.3961737413659503,-7.005636460840462,0.2813745442579211,-5.837361984168174,0.2701668786034822,-5.812866390774002
BORDER,bowl-nl,0.03,1,97.879540483442,35.04857959687486,6.386454335415402,5.789113188668123,0.4186512181757871,-7.289159475048996,-1.2225222599801722,-1.754700080986174,0.4047237323969022,-7.0819304449722305
BORDER,bowl-nl,0.03,2,98.42305130249284,37.19218760649812,5.105406234718605,4.596260833672131,0.5246677990747328,-8.913366778954451,-2.2495194445045645,-1.1835265162784547,0.47759196749900756,-7.786081659468618
BORDER,bowl-nl,0.03,0,98.15934387313517,37.00535665297109,4.710335071689521,7.13778005008995,0.4187730517492978,-7.150915870426196,0.4038062808093217,-7.106292827599257,0.39102533884631907,-6.951122301590895
BORDER,bowl-nl,0.03,1,100.6125632135019,35.18260454465784,4.956800535075363,4.019701373475772,0.5884223943660154,-10.252523973079485,-1.0735625309471573,-1.8393474499762146,0.5617595828423044,-9.323529043505436
BORDER,bowl-nl,0.03,2,99.2337911057969,35.9452922026548,5.129961643416207,3.04739184728002,0.6123772739556834,-10.606714190158492,-3.477520621180986,-0.8081382214092252,0.6212810322006836,-11.145678475655863
BORDER,bowl-nl,0.03,0,99.40988145835922,37.51080786490134,3.672646989825594,4.120030179022892,0.6223201713794908,-11.214965033592952,0.5036420299156074,-8.347079405529067,0.5049783402624521,-8.383825607019455
BORDER,bowl-nl,0.03,1,99.35463126882998,39.22691709538193,4.894771111509937,4.9202252660338575,0.5102925574770298,-8.663593916365743,-1.3697108835635885,-1.6553513563537443,0.3673434906297127,-6.70316190273176
BORDER,bowl-nl,0.03,2,98.3621609989615,36.1405817748152,4.278872032606386,5.095404150833828,0.5480212990253543,-9.351407912001589,-3.5465226024926544,-0.8028923095824407,0.4066803806314083,-7.11314900066351
BORDER,bowl-nl,0.03,0,99.92317185566114,35.2114324191717,5.272034960543472,6.59210213248303,0.4499852485960256,-7.6663764692700616,0.39447539287611433,-7.003939243493225,0.41383624570866473,-7.032572232758829
BORDER,bowl-nl,0.03,1,100.82272713866674,35.43751157909661,4.673374728857783,5.125672417809659,0.5504007872663563,-9.42645873922933,-1.1840818898790855,-1.7841790135774527,0.44157996990779114,-7.580928635896026
BORDER,bowl-nl,0.03,2,99.4171791074366,35.30637607745924,4.586062022741533,4.97760369408387,0.5524779632371679,-9.47235934270739,-2.1831529145598103,-1.2056066421812592,0.45288558398855316,-7.655022553463969
BORDER,bowl-nl,0.03,0,99.77620393079465,37.09910267141632,4.760583395990243,3.272760433230152,0.6154890541614652,-10.849357570607596,0.4854565266301123,-7.798442941502038,0.5312689748454167,-9.047439725512849
BORDER,bowl-nl,0.03,1,98.90803823403041,35.658490834822175,6.726617145899055,2.247571506116004,0.5743437374164958,-8.918214978914428,-1.1840104263124744,-1.7492126727065944,0.3544055033147063,-6.322175597397476
BORDER,bowl-nl,0.03,2,99.1265484616172,37.347354445109936,4.847048671357674,5.467707585587952,0.4991150457131468,-8.454997219491588,-2.287807622507424,-1.178656546731237,0.37466924799699397,-6.543916933491921
BORDER,bowl-nl,0.03,0,97.70038795282956,37.189791476997,6.1609400522522515,5.590583362131001,0.4173818753012929,-7.273464898406472,0.23949732249112077,-5.514184444923228,0.34342569428224856,-6.276948443607412
BORDER,bowl-nl,0.03,1,100.45508523006926,36.89922914804411,2.762142199134902,6.088349058888933,0.5822340314352121,-9.50636153030946,-1.1863401305110406,-1.7821285763985792,0.546026460967606,-9.233884599477733
BORDER,bowl-nl,0.03,2,99.35790761489737,32.02012809702647,3.459325435198081,6.478813157868876,0.5572408833099647,-9.168440281754863,-1.8302340620149806,-1.3319875315392609,0.454784457931256,-7.730539673982332
BORDER,bowl-nl,0.03,0,97.55048329522025,33.84922735047188,6.628403473988607,6.133331798997947,0.39898821065370293,-7.053858043260021,0.30188430567031044,-6.065504686806906,0.40786676236960095,-7.1009365650216685
BORDER,bowl-nl,0.03,1,103.12110526781453,35.15462098514335,4.970635194254762,5.3221311028533655,0.5456834465219329,-9.333071652049998,-1.0049872204822319,-1.9059114163341373,0.5896218278576891,-10.172763109909067
BORDER,bowl-nl,0.03,2,96.16894560965106,35.16456127238556,2.7738695404646947,6.943039747563042,0.5221535602601595,-8.159330964036576,-2.3321933813385547,-1.1630859926920307,0.5428731824618653,-9.281064783276184
BORDER,bowl-nl,0.03,0,99.06532236592723,36.399274702583654,7.601133463770983,4.879387559492622,0.40252234717377566,-6.937858020914118,0.2696992906918234,-5.686940037679589,0.3137573864223948,-6.117017418380695
BORDER,bowl-nl,0.03,1,103.35122096605315,34.294369874066,3.0544467491080076,4.1951872045729575,0.685058013547819,-13.307446158061142,-1.034967777467524,-1.8768863473815864,0.49383671026859655,-8.376207732142785
BORDER,bowl-nl,0.03,2,101.36822254977048,33.84755230296264,3.6378378351756226,6.448437642524274,0.5518583224589624,-9.11973531103168,-1.9016261050077499,-1.3013721222988333,0.5855059606777335,-10.15937416754763
BORDER,bowl-nl,0.03,0,100.7239795860612,34.284859342576524,5.032823199859998,6.638155432915848,0.4730072317331585,-7.975567732165383,0.33244494109243605,-6.160104758526552,0.25229657729623023,-5.643215624562649
BORDER,bowl-nl,0.03,1,99.90563950309851,33.70223108857682,3.4864764104430126,6.244283338766663,0.559051717324788,-9.257036964536464,-1.1573536599660348,-1.802600134205681,0.394427968319763,-6.425483093328025
BORDER,bowl-nl,0.03,2,98.5977442384848,33.964102453251364,6.003097773833586,5.981194143773226,0.4437436177233258,-7.627118961885757,-2.1164797543552374,-1.2300729380456916,0.38149504344024787,-6.857569693668086
