batch,layout,error_type,error,lost_rows,neg_control_mean,pos_control_mean,neg_stdev,pos_stdev,Zfactor_expected,SSMD_expected,Zfactor_raw,SSMD_raw,Zfactor_norm,SSMD_norm
0,PLAID,bowl-nl,0.07,0,99.1426042067901,7.899743103028513,2.9099750185720645,2.485841114911973,0.822589425576608,-23.84071123088119,0.24577690143629127,-4.521433174863988,0.6254843337322137,-9.986025203013055
0,PLAID,bowl-nl,0.07,1,98.37813938494239,10.152524075601544,3.209996153245663,3.1063505133784246,0.7852206535093891,-19.750826544786307,-0.4980015759771099,-2.242440822904897,0.5292723450612753,-8.093372457288774
0,PLAID,bowl-nl,0.07,2,99.6560637942228,11.228123521556208,2.37193172961681,3.240299711861303,0.8095998360640475,-22.02072108422698,-0.5360405146607126,-2.2426088481069413,0.5490703860637263,-8.39668222320077
0,PLAID,bowl-nl,0.07,0,99.35981264915026,10.972643332734936,2.1709719014264484,3.6971749130728484,0.800825837283281,-20.615327092996434,0.16707951888503358,-4.3575986986058535,0.5212040205132572,-8.193369541667881
0,PLAID,bowl-nl,0.07,1,100.32628898166315,9.448449103255204,2.6317713459276564,3.4172392801969673,0.8003140050131683,-21.06967369799957,0.23027287050372403,-4.764387975571432,0.5147224955479772,-8.16631126689009
0,PLAID,bowl-nl,0.07,2,100.74932214192677,10.668790387565195,1.8328670370310947,1.9234026583284658,0.8749029466565836,-33.90494633698894,-0.4747035153724528,-2.2983008711572186,0.6457718581422106,-10.857029232631024
0,PLAID,bowl-nl,0.07,0,100.46314296401873,8.511001176507623,2.985604132884212,1.7636640192638127,0.8450519565996754,-26.517414349427867,0.3710815821299134,-5.158923794600242,0.6026592819748613,-8.421172327282829
0,PLAID,bowl-nl,0.07,1,98.4313381128601,8.3636319873233,2.5359323395653526,3.4213300391324535,0.8015738614328244,-21.149150899145912,-0.3389521673386189,-2.4777397468861,0.5556091519026076,-8.47290373607835
0,PLAID,bowl-nl,0.07,2,100.64806012655065,10.051006817865765,2.328400069464344,2.427188134811029,0.8425250701673929,-26.93587859714544,-0.928317062338536,-1.6922974134429964,0.5915086763090591,-9.082789504492021
0,PLAID,bowl-nl,0.07,0,99.1499528545969,9.25763077647559,3.68102606020629,3.1216451196734814,0.7729726736627891,-18.624935339885567,0.25992800871751554,-4.72669240513984,0.5247149964845115,-7.868101236657728
0,PLAID,bowl-nl,0.07,1,99.75133243184067,11.168955233723871,4.108016451677241,3.1232307753802266,0.7551009312760507,-17.165589932356262,-0.47076336978788924,-2.2248659216263995,0.569986189476031,-8.623171453553946
0,PLAID,bowl-nl,0.07,2,99.75177366337192,10.11534106320812,2.4672374373134787,3.24772564976744,0.8087285631087082,-21.977252109547383,-1.0130281314390754,-1.6306172525866618,0.564738845293435,-8.574447243062345
0,PLAID,bowl-nl,0.07,0,100.8238643174574,9.444417797103977,2.281815026048348,2.7368894803792485,0.8352352296648102,-25.64447386279242,0.2772895314588152,-4.935643183645983,0.5593952007154703,-8.912127088715462
0,PLAID,bowl-nl,0.07,1,100.40898673379627,10.044497143873826,3.7330663126886816,2.991439048364901,0.7767539420107505,-18.889791523295756,-0.3216924791172786,-2.5190157108590046,0.7680289629689554,-17.944250451717767
0,PLAID,bowl-nl,0.07,2,101.09328937366399,8.711708690107788,2.7593086793565793,2.6330601724844196,0.824888181866729,-24.2215426961574,-0.8531967502153925,-1.7710719306054081,0.6853863820531251,-12.827498050197716
0,PLAID,bowl-nl,0.07,0,99.31298595862796,10.284571952256234,2.922458520590742,1.8924088806030395,0.8377528976024716,-25.570660229429333,0.014097297719141255,-3.292495601443966,0.5839142879104385,-8.191539367545921
0,PLAID,bowl-nl,0.07,1,100.1767631453271,10.967287819411535,2.193852643882513,3.0063393181586373,0.8251242277893831,-23.970075023792663,-0.49906000471634426,-2.261636134806334,0.6649906973632913,-11.805661736936795
0,PLAID,bowl-nl,0.07,2,99.24742469738179,9.896406430390032,1.3740500978871364,2.3871296998155955,0.8737167229656901,-32.4400551412978,-1.0529097124771076,-1.6354703762233356,0.6972528948582619,-13.94671015266259
0,PLAID,bowl-nl,0.07,0,98.35636556244398,10.116762585863418,2.864115332433016,1.8240343694177816,0.8406106937121509,-25.986275143886704,0.33263560817790894,-5.05551788914386,0.5606876372599165,-8.566490676621502
0,PLAID,bowl-nl,0.07,1,100.27197639694296,10.409677616428903,2.851874372220751,3.4640607781758406,0.7891462191784208,-20.027387797743593,-0.447026263527049,-2.33014969987096,0.48855400266057514,-8.000764923823478
0,PLAID,bowl-nl,0.07,2,99.11697803160541,9.405151163290375,2.2563827778827608,2.6073348802816803,0.8373553021508392,-26.017685787199802,-0.3218554866625447,-2.481263748703496,0.6513519995145598,-10.435041514730573
0,PLAID,bowl-nl,0.07,0,100.50105937352228,10.907998624724922,2.2112026787782013,2.388165108252112,0.8459913831967599,-27.52770559394709,0.1370456927076218,-3.962174466943872,0.6502298909480583,-10.082754595326366
0,PLAID,bowl-nl,0.07,1,99.11491816468506,10.218413486320033,2.5720627108119074,2.182212691177607,0.8395569515632517,-26.354825232797175,-0.5571992310248524,-2.1532697491701063,0.6224612526862292,-10.246510693847844
0,PLAID,bowl-nl,0.07,2,99.07317745132647,9.786084734298374,3.2159311066170218,1.6648522776860202,0.8360082100633045,-24.655963972316524,-0.4883384844591656,-2.2338631925713575,0.6103840564539575,-9.518297729963045
0,PLAID,bowl-nl,0.07,0,100.34462225717189,10.604879592052423,2.058299571258638,1.8998328476078952,0.8676796154752625,-32.03772877051285,0.07883177394910623,-3.588004584563877,0.7110048750659359,-12.550811603881293
0,PLAID,bowl-nl,0.07,1,100.05889507223196,10.31737247978582,3.432372448041163,2.5101342204430117,0.8013459155756164,-21.104290122176614,-0.5592736149743005,-2.110103325734734,0.6425755087322949,-10.461114300197199
0,PLAID,bowl-nl,0.07,2,99.3173053495773,9.912933576987378,1.7192748115978842,3.4042929759211042,0.8280766023203644,-23.44229641822365,-0.9833453822869962,-1.668019596757029,0.6992252233258484,-13.323126719307846
0,PLAID,bowl-nl,0.07,0,99.4507752695522,11.197346944619158,2.703530978788617,2.8283511176997846,0.8119546559895321,-22.55605480026228,0.2602856702273669,-4.53412526649484,0.5093946119566393,-7.50876747544697
0,PLAID,bowl-nl,0.07,1,100.27038433675158,10.58741581746616,3.4341373142479723,1.2839444239832851,0.8421746575923159,-24.46138597850381,-0.4105151427257674,-2.3528369095605672,0.5235861865315274,-7.457555214717955
0,PLAID,bowl-nl,0.07,2,100.19706259495263,9.361890848800908,1.9514721921525557,2.7658504635290515,0.8442016710598186,-26.83467646401241,-0.963057667768421,-1.6635503992637124,0.5574889208217213,-8.268646478307463
0,PLAID,bowl-nl,0.07,0,100.34716768562214,10.119602295766715,2.7864182194617273,2.292356941658828,0.8311344718487247,-25.006331131061362,0.2454965315816059,-4.405017795017254,0.5695213115715163,-8.403625439755602
0,PLAID,bowl-nl,0.07,1,99.84975107360741,7.973809031039323,2.102816057041377,3.7195467673163667,0.809883979584336,-21.50248832725325,0.2510745857225142,-4.665634567306578,0.5533779782102212,-8.296584316839322
0,PLAID,bowl-nl,0.07,2,100.32590231978918,8.740794329582204,3.1270647998434664,2.602677776219986,0.8123141621449158,-22.510933826363893,-0.4101209986391352,-2.37051937581861,0.5993896262208109,-9.517116973571333
0,PLAID,bowl-nl,0.07,0,100.54435655733576,9.776758329053434,2.9357629675412946,2.823347306408825,0.8096531013369163,-22.284747960136478,0.37158214522193267,-5.688570230233355,0.5811581526934834,-9.052754476957606
0,PLAID,bowl-nl,0.07,1,98.67861587284607,10.253442593771105,3.9632846057856024,3.2107559059586377,0.756606396831051,-17.336077120384115,-0.3514007916887991,-2.402194417501657,0.5794619772062248,-8.917221605040623
0,PLAID,bowl-nl,0.07,2,99.75963304508896,8.90070908794485,2.4342980938331205,2.276482014061642,0.8444584229244212,-27.261276168073127,-0.8999103562951918,-1.6941278301083345,0.6435574815898911,-10.496084347467889
0,PLAID,bowl-nl,0.07,0,100.74170410394974,9.337486570150102,3.121442648283449,1.922555512107651,0.8344497126122461,-24.932893241610596,0.29405174077122176,-4.743052508338261,0.5281390760226424,-7.251425160048232
0,PLAID,bowl-nl,0.07,1,99.85799519575214,8.153693785574172,3.0602966985373614,2.3209628098065034,0.8239583282705227,-23.875917574317885,-0.4239976362570188,-2.2879116732292273,0.6533774118757982,-10.521928570326324
0,PLAID,bowl-nl,0.07,2,100.39225013649097,9.455920260584472,3.529914113799191,3.023791508216471,0.7837924964326477,-19.564748559169004,-0.957929990636569,-1.6744426412920952,0.6176809492588192,-10.558937065302276
0,PLAID,bowl-nl,0.07,0,100.24126334982074,9.806659750720941,3.240205526109495,2.255519042188785,0.8176895452764614,-22.906732885517513,0.3460196884646076,-5.146458798729053,0.5730476324369949,-8.639441407131896
0,PLAID,bowl-nl,0.07,1,99.03427067008055,8.589770751250114,2.99116772072158,2.3260311130057096,0.823631105092099,-23.86946431911174,-0.32316197786765244,-2.4751629081759874,0.5668734885904188,-8.355186307753042
0,PLAID,bowl-nl,0.07,2,98.82627386677291,8.207410830169326,3.270620820537789,3.2866710173734104,0.7829163282948324,-19.543745251121614,-0.9461133516095441,-1.7030804238806132,0.5001639950319804,-7.66232275609402
0,PLAID,bowl-nl,0.07,0,101.07882936823466,9.11088075464163,3.3262109421572457,3.0880472624276183,0.7907665126401388,-20.26310020850641,0.23377598640070085,-4.642203161999226,0.601116085454575,-9.897708997548383
0,PLAID,bowl-nl,0.07,1,98.8347171036163,11.512221362516039,2.6608415673178696,2.187344025190425,0.8334386041754054,-25.35131388897881,-0.4433534364226943,-2.3264948509341252,0.6694656734243767,-11.438384128602165
0,PLAID,bowl-nl,0.07,2,99.83710701134055,11.495664942848508,3.047652087437584,3.4009840152113187,0.781009819910483,-19.344641397477428,-1.1156528503841354,-1.6069059912772699,0.6671424096474095,-12.679463392510634
0,PLAID,bowl-nl,0.07,0,100.6659580613025,11.18670366397821,2.938813115805929,1.8960651619613198,0.8378994669658817,-25.58463357309368,0.39864138892125567,-5.6432534439972075,0.6603066695004731,-10.847683508371745
0,PLAID,bowl-nl,0.07,1,98.55551304389327,8.577254331971133,2.657628395468733,2.5847557472859477,0.825211638306797,-24.270671145631844,0.34235836779027895,-5.2804877028314845,0.6118653878352902,-9.297062954136203
0,PLAID,bowl-nl,0.07,2,100.78669731853051,10.496167713656007,2.0264611187117882,3.00648910743851,0.832774813211022,-24.903093080390462,-0.386334629622636,-2.4340957106957406,0.6337876620541014,-10.766398595954488
0,PLAID,bowl-nl,0.07,0,99.19665560721819,9.947894269307511,3.140257611612272,1.483719075581925,0.844570055050275,-25.69691636364291,0.3640132125017136,-5.536091477181561,0.6184424251368879,-9.522829056617512
0,PLAID,bowl-nl,0.07,1,99.62867710287898,9.946750466296189,2.3662857085181495,2.1385229197923725,0.8493071414523023,-28.118308713731828,-0.42773507856563064,-2.323015996190395,0.5696040800648732,-8.592708827719125
0,PLAID,bowl-nl,0.07,2,99.84124044706562,9.141918345828273,2.0708079596692777,2.781315305723424,0.8395096075808539,-26.156538618204294,-0.9757087214418856,-1.6658948225800727,0.5787521166437208,-9.074109091809676
0,PLAID,bowl-nl,0.07,0,98.7657064965938,8.460582349278173,2.991157850433142,4.189353081024633,0.761458355793494,-17.54317790335677,0.3697007815629848,-5.676260680636529,0.5613098310798319,-8.634632941617985
0,PLAID,bowl-nl,0.07,1,100.4706451302353,10.850991430495954,3.6600832505298375,3.648696070416527,0.7553400726552588,-17.34094988036884,-0.47691647786788716,-2.3269569091839317,0.54795179961806,-8.934361551947717
0,PLAID,bowl-nl,0.07,2,100.16963913178526,10.026906700831784,2.866018321417689,2.866838410219518,0.8092073566986091,-22.23691946553556,-0.9723229736468151,-1.6821234458425378,0.6454159832363726,-11.211552713314745
0,PLAID,bowl-nl,0.07,0,99.5642516848928,9.483376746621055,3.0569568057459886,2.508175918807553,0.8146621223972212,-22.78089163716543,0.5430208102227447,-8.093598686702805,0.6582700527947054,-11.205944517700372
0,PLAID,bowl-nl,0.07,1,100.27385218538201,11.498303143590093,3.7977333934288793,2.3581561593033746,0.7919734785362698,-19.8589206313115,-0.38473030596393265,-2.443553511762513,0.6360526073631234,-10.305122950966869
0,PLAID,bowl-nl,0.07,2,99.68363477966179,9.650817426879666,2.883568383018633,4.062206776813187,0.7685585535122481,-18.07301704401014,-0.9251598352228256,-1.7510033977752781,0.6594017493509989,-12.358041487139063
0,PLAID,bowl-nl,0.07,0,100.6264829725119,9.488598588691818,2.9091117178786714,2.953487083413151,0.8070199179760873,-21.98423334931012,0.24013115818378794,-4.492962558335085,0.568026339873584,-8.634049953030111
0,PLAID,bowl-nl,0.07,1,100.32739806701152,9.255209188556574,2.5166895690805275,2.3006311919686486,0.8413131114874692,-26.70907476535261,0.24103219583034874,-4.491007081136869,0.562762497159689,-8.362923774495167
0,PLAID,bowl-nl,0.07,2,99.09567947776213,8.88034832236902,1.9805829280003087,3.7517191381589194,0.8093793374337168,-21.265076741440666,-0.371098130018235,-2.420479952270465,0.5923452153737118,-9.45839537689212
0,PLAID,bowl-nl,0.07,0,97.78383003771019,9.583783800212348,2.061346545985422,2.5443547215513536,0.8433435764261986,-26.93474551635125,0.3974401241813591,-5.829689661160868,0.672420029787894,-12.092319234703606
0,PLAID,bowl-nl,0.07,1,98.48375452775274,10.350160928273882,1.7786323644792648,2.5701311782553766,0.8519714209374861,-28.197722833261682,-0.43993053092822154,-2.3064456838712544,0.6188261576860754,-10.124040134471768
0,PLAID,bowl-nl,0.07,2,99.73851210384339,9.711973980460254,2.2677330731449743,1.8538212526577247,0.8626553543527122,-30.73586713122005,-0.9857500152448739,-1.6068800341590155,0.6176159428732856,-9.608931476138146
0,PLAID,bowl-nl,0.07,0,100.74205536011142,11.439075656244384,2.6005752268891484,3.110072928257035,0.8081593187343927,-22.02794042689697,0.09831960096152936,-3.883813514762299,0.4479864424808365,-6.801277086592781
0,PLAID,bowl-nl,0.07,1,100.6949446980304,9.074006113856866,3.347411067300176,3.421935457542628,0.7783471781849177,-19.13976808992444,0.12984040602724,-3.897976830917708,0.5250387842259916,-7.455241633763451
0,PLAID,bowl-nl,0.07,2,100.93055316949274,9.781879664399154,3.681492251824531,1.9370021981284309,0.8150770307269808,-21.910889038461875,0.10395209098326885,-3.8274670167370464,0.4955374923204068,-7.065407587337877
0,PLAID,bowl-nl,0.07,0,99.77712383917222,10.384202982419051,2.141908980570053,2.516388013932662,0.8436689298260869,-27.051549870363356,0.2507324552939607,-4.627514380662683,0.5791719446276069,-9.04507838175816
0,PLAID,bowl-nl,0.07,1,99.31799940817709,9.200552066802462,2.9356319956509824,3.7594923444727844,0.7771200404258485,-18.893037400678185,-0.5401281415414529,-2.1767659238029715,0.5433009476375112,-9.060570969286081
0,PLAID,bowl-nl,0.07,2,100.90283590071238,11.898909757058899,2.0196908911143425,1.6862736413001578,0.8750853577032199,-33.82769039752583,-0.5729886264802826,-2.1358284531916985,0.546807895524444,-8.670215401134213
0,PLAID,bowl-nl,0.07,0,98.91741566678499,11.40199781205522,2.4405288424501506,2.517391427464363,0.8300441090913481,-24.960187684648346,0.029768422159893504,-3.48717634089857,0.5608522102614776,-8.613884417291594
0,PLAID,bowl-nl,0.07,1,100.72126276701127,9.295619160608961,2.0188674491014647,3.6927157023389054,0.8125826761680985,-21.723736713536443,-0.5810601196535423,-2.115804090828675,0.5234798776019802,-8.00300296393117
0,PLAID,bowl-nl,0.07,2,101.92322872807873,10.324025759524524,1.403595845309108,1.7096649163465771,0.8980364240923212,-41.40974106196374,-0.5998432863243455,-2.0793615427061245,0.5870611889854105,-8.241751957936007
0,PLAID,bowl-nl,0.07,0,100.14259208662686,9.754719258271145,2.5932456555845094,3.842452500920402,0.786397291302801,-19.498373364363946,0.1502171068637712,-4.11216435786007,0.5247666837512118,-7.849407016094292
0,PLAID,bowl-nl,0.07,1,99.64281949077252,11.072942076923306,3.2857632572424014,4.092445127143237,0.7500885651028818,-16.876011037552882,-0.5222668171659313,-2.2855618379714913,0.48780203757277374,-7.647985837064524
0,PLAID,bowl-nl,0.07,2,100.63694783346361,8.818035392057043,2.454059661837898,2.1000125140433434,0.8512047663779273,-28.427505453408987,-0.33950492329426507,-2.460725033538422,0.606548423759263,-8.985145424803815
0,PLAID,bowl-nl,0.07,0,98.8802114863946,7.382786217732962,3.031782611255449,3.7131523135709035,0.7788483696118869,-19.087162235033222,0.19095074680547974,-4.535175555974923,0.5185440649333461,-8.291438268558789
0,PLAID,bowl-nl,0.07,1,100.76626677534964,11.114635066587955,2.050511827124607,3.3571680999728497,0.8190435637134434,-22.78979371925236,-0.520527177662772,-2.251723327953345,0.5381816494287075,-8.48853945527259
0,PLAID,bowl-nl,0.07,2,100.34177599632478,9.573818699907338,2.419188643283946,1.6203901294827852,0.8664866250242418,-31.173267387988826,-1.046546801505361,-1.5931310161215073,0.5902344262968726,-8.654803299240372
0,PLAID,bowl-nl,0.07,0,101.72741117395714,11.052599166019714,1.7921706453021775,3.7867233813306873,0.8154208240494227,-21.643818330544757,0.18868216283942252,-4.601908826193551,0.5471337669386784,-8.881400553697071
0,PLAID,bowl-nl,0.07,1,100.5935450964022,10.085256065642374,3.1957148628008802,3.3240774437358405,0.7838940816463476,-19.62842427541971,0.22496534663250156,-4.6804851752767735,0.5665406798783017,-8.951768830608065
0,PLAID,bowl-nl,0.07,2,100.10895817051102,8.865408775460333,2.846443408975229,2.64104409495801,0.8195766975205736,-23.49847104623325,-0.3580920113023536,-2.4395154923592814,0.6340536229202252,-10.075612658191439
0,PLAID,bowl-nl,0.07,0,100.07130388237773,12.359868824781078,1.116008370831058,4.195120775587175,0.8183430994055465,-20.20522808643825,0.20899188583932105,-4.635874138251434,0.49225284002897474,-7.977854203787212
0,PLAID,bowl-nl,0.07,1,101.04423493059508,11.20935610100361,2.759731129768687,2.091675969148774,0.8379891921003154,-25.94258352016488,0.20148541803468134,-4.417259074382594,0.5462917579366617,-7.90956563746124
0,PLAID,bowl-nl,0.07,2,101.41300817170887,9.490388957277307,2.2543566106908615,3.3121992170051953,0.818329072585147,-22.942839330491914,0.1984987402564451,-4.579849820403203,0.543370589029318,-8.602103579439975
0,PLAID,bowl-nl,0.07,0,99.54778690402713,9.784046473689656,3.584872392363391,1.8853214826594333,0.8171802829695566,-22.16169298669112,0.3515401235957172,-5.390923944656276,0.5929782275292822,-9.26358614287755
0,PLAID,bowl-nl,0.07,1,99.46442214352064,10.680425505882512,3.146575449482571,2.9396233872391417,0.7943481122539962,-20.618289028605155,0.34196208913007564,-5.6139984813478305,0.5696446108879483,-8.834855225354456
0,PLAID,bowl-nl,0.07,2,98.19683647525729,11.0539311565412,2.6706516479573232,2.431658071490699,0.8243468116840887,-24.127054976385015,0.28902045686057243,-5.180312874041687,0.6330378559404435,-10.238354545823588
0,PLAID,bowl-nl,0.07,0,99.38695809502101,10.750316491135754,2.9364746819321526,2.156163617215373,0.8276343211905618,-24.330236553657517,0.19417264926503575,-4.035524834067977,0.525302154716683,-7.546803520048686
0,PLAID,bowl-nl,0.07,1,100.21813810879277,8.831175486118095,4.187533643921384,1.533070994484355,0.8122071964895452,-20.493366807547556,-0.5227793421938836,-2.1128280864613056,0.5492593168145212,-7.756761759021232
0,PLAID,bowl-nl,0.07,2,100.07262129840603,10.00025483543438,2.112910760248532,3.140523019911038,0.8250262321357161,-23.79631715739585,-1.0710002058863348,-1.6043574848718487,0.5471961528797843,-8.786267048037235
0,PLAID,bowl-nl,0.07,0,99.8081634034916,9.149593704162104,2.464242046658843,2.1699917678212577,0.8466476860428218,-27.610370049813124,0.22278264708576634,-4.12232419286398,0.5182869697794135,-7.259771551173849
0,PLAID,bowl-nl,0.07,1,100.94431427349733,10.75624541915807,3.5990845181309448,2.910027060221471,0.7834820616173143,-19.48598918561831,-0.5151126007296172,-2.213570936445769,0.5234847420965396,-7.888892647216856
0,PLAID,bowl-nl,0.07,2,100.46250183552345,11.287571067932905,3.4597039919317987,3.1469693160918912,0.7777400021119569,-19.067287989372723,-1.039160114075449,-1.6078298362548762,0.6055670174556302,-9.740671420650262
0,PLAID,bowl-nl,0.07,0,98.03916032379198,9.190686309075684,2.283409497105051,2.2446041061042235,0.8471100268151162,-27.748614278881025,0.2655677851719149,-4.314796339610086,0.6592308024532496,-10.08805169814627
0,PLAID,bowl-nl,0.07,1,99.88267973605181,10.13889179521892,3.0257204434895764,2.3868199845356477,0.8190669052794946,-23.2869965218102,-0.40458765835671473,-2.441906459588895,0.6120311982320052,-10.053712282683271
0,PLAID,bowl-nl,0.07,2,99.61961312434578,9.924480286108437,2.0877946670720844,2.7839038399832314,0.8370580982635495,-25.77594576974852,-0.40839291424763813,-2.4685948423060986,0.6449048876179324,-11.134814825315813
0,PLAID,bowl-nl,0.07,0,99.86905285473638,10.154123061032015,1.3104221207591056,2.2005470706709294,0.8825958221389676,-35.02882701284958,0.35752448079394383,-5.193872096829807,0.6630706759855269,-10.868323690688745
0,PLAID,bowl-nl,0.07,1,100.18536223471688,9.254900434445801,2.1322536296786665,3.16123364946754,0.8253559750711474,-23.846718837353496,0.3010982414841923,-5.277344792063044,0.5985331598723689,-9.818114069274536
0,PLAID,bowl-nl,0.07,2,99.74234802608426,11.78068204451428,2.964563938718707,3.4674969184860394,0.7806296372824812,-19.281229315119084,-0.588207846671976,-2.2072053388691546,0.5670002739344562,-9.40777742379363
0,PLAID,bowl-nl,0.07,0,101.09098455505072,9.596437744893977,4.282762946468717,2.7129395662159577,0.7706190339234047,-18.047244815541568,0.16271421948471376,-4.131125064626507,0.5212491889986595,-7.76226062099184
0,PLAID,bowl-nl,0.07,1,99.43424282665653,10.692389145734433,3.473791154585163,2.639103581982091,0.7933479699935065,-20.34160533865323,-0.46183509336673434,-2.205756366936687,0.6119072631870904,-10.052030873823789
0,PLAID,bowl-nl,0.07,2,98.92888460122568,10.907377769650733,4.1544915657411,2.430414498414318,0.7755694158898462,-18.287594056545448,-1.0102517385102998,-1.568883211570705,0.6147514544882888,-9.314153077723454
0,PLAID,bowl-nl,0.07,0,99.34252622874354,9.124848741370455,3.1650600725940916,2.0192708793355725,0.8276059272533833,-24.030243742685663,0.3414603617096037,-5.239986046048732,0.701649680663663,-12.637885470985049
0,PLAID,bowl-nl,0.07,1,100.89422855504009,10.705985454143335,2.4503395438376496,2.5756860651256863,0.83281549447613,-25.369108661984484,-0.405480915597924,-2.379818299534299,0.6474942612475657,-10.764103166392667
0,PLAID,bowl-nl,0.07,2,98.93562714698966,10.398224953823455,2.4265174174622035,2.713362883140041,0.8258403734484441,-24.322796774977938,-0.41068580863346704,-2.431726078569541,0.604101307212044,-9.9831972000817
0,PLAID,bowl-nl,0.07,0,98.31848713458297,9.61474679709158,3.4762576532200384,3.4632580613285113,0.7653024882103363,-18.077026938930477,0.12093058882443819,-4.069740898555955,0.5864926818628877,-9.505153071344752
0,PLAID,bowl-nl,0.07,1,99.98399626692436,10.057189262807999,3.4887894817215144,3.4495009099198604,0.7685354137618683,-18.329251736305917,0.1783210346494648,-4.428306237522575,0.5943465186038824,-9.409409791743398
0,PLAID,bowl-nl,0.07,2,100.09425488425515,10.126207155793876,2.9886030365046965,2.610681826819601,0.8132908847742073,-22.671683005538426,0.10067034692904442,-4.078025426582151,0.5657203008605384,-8.954583678654647
0,PLAID,bowl-nl,0.07,0,101.26529765993637,8.64790015641656,3.9765421357229536,2.2405903600973396,0.7986188557419566,-20.291552928336657,0.25230823353707366,-4.449630757497605,0.5885613571773194,-8.656158944757546
0,PLAID,bowl-nl,0.07,1,100.79695356037129,11.880147349799776,3.520414073234654,2.2220012933189497,0.8062543310556669,-21.358807079824917,-0.472187079911639,-2.1654193103985744,0.6195299988894769,-9.48310812413926
0,PLAID,bowl-nl,0.07,2,101.40649626262095,8.303059631073548,3.309127140036001,1.847932393034369,0.833828060929291,-24.564630046782284,-0.4958857567894017,-2.1894957147744005,0.5350737316590493,-7.576112851745825
0,PLAID,bowl-nl,0.07,0,100.44716591346182,10.682657793699057,2.2931822065687415,2.497084816898099,0.839905533139811,-26.476882285366692,0.28664738846280247,-5.091218522748461,0.540467219349171,-8.710091831513115
0,PLAID,bowl-nl,0.07,1,100.166597897835,10.160161546788725,3.1784136583778673,3.3570751249128903,0.7821659522947622,-19.469207491594027,-0.42240730458949294,-2.3715018385850084,0.6079171800253151,-10.09689121635604
0,PLAID,bowl-nl,0.07,2,100.36744730100193,9.242369776426202,3.8067487949925574,2.356597296161707,0.7970916593352014,-20.353359445831412,-0.43985011520171957,-2.4032154773277923,0.6048106792688459,-10.13156841902384
0,PLAID,bowl-nl,0.07,0,99.47077816317078,9.434293618128669,1.9348696116460256,2.8768158876721297,0.8396754763261207,-25.969888707804298,0.2451422841767339,-4.6621001826107635,0.5478690015862638,-8.664686764846405
0,PLAID,bowl-nl,0.07,1,99.88761571844353,10.463582014322835,2.565149518772703,2.7655954060195724,0.8211640192021454,-23.7068877950037,0.20186625197136976,-4.625706958500536,0.5514038518636952,-8.643299977575753
0,PLAID,bowl-nl,0.07,2,98.93834014090673,10.493703597898648,2.7925357266210873,3.9413250306397374,0.7715906462913777,-18.31018519843103,-0.5758196107448004,-2.233604425769668,0.577441404662845,-9.517643420134505
0,PLAID,bowl-nl,0.07,0,99.13068515826616,10.00726036222095,2.5025560986274344,2.1309163606555486,0.8440318310291666,-27.114886353261067,0.229010882164976,-4.421974249821124,0.6385961252153232,-10.545745499006816
0,PLAID,bowl-nl,0.07,1,100.1828403261289,9.577605582427642,1.7770136231412685,3.2647433922567126,0.8330640487938757,-24.375694081661997,-0.49140922155170785,-2.2113460364072735,0.6525453466339042,-11.700284547727165
0,PLAID,bowl-nl,0.07,2,101.1565529480097,10.543344838766782,2.312236019862047,2.366569985845569,0.8450952315891895,-27.38685635810536,-1.0287948280544397,-1.6335649341630303,0.5576063095113997,-8.913534359174202
0,RANDOM,bowl-nl,0.07,0,99.85738836821362,8.485537657359021,2.8500245694885074,3.376328831532049,0.7955709547552956,-20.679862056490517,0.2724801644317776,-4.917177185949838,0.6484913144173774,-11.349055518029168
0,RANDOM,bowl-nl,0.07,1,100.2841698380291,9.439607393311459,3.0648628269072336,2.338621149568465,0.8215583685672792,-23.56419028528295,0.23825653394665303,-4.459587748499988,0.5913761110554756,-8.922611373885008
0,RANDOM,bowl-nl,0.07,2,100.73434499225574,9.046886301184529,3.057357070654338,2.4026094293612337,0.8213507088768092,-23.579497858024865,-0.9749302558336579,-1.6577574643594994,0.6759155738045669,-11.598202021653801
0,RANDOM,bowl-nl,0.07,0,100.20462620750924,10.603884699727292,4.524596432894913,4.307847641088838,0.7042732930993665,-14.342173614673186,-0.01263682675251876,-3.340262526244123,0.571588945701246,-9.575300769538257
0,RANDOM,bowl-nl,0.07,1,100.3307070317615,10.767530104443242,2.3583036812351734,3.6957085413863555,0.7972153591357828,-20.429343194805668,-0.11285555096051936,-3.162152285542383,0.5995548880891626,-10.58271852912104
0,RANDOM,bowl-nl,0.07,2,100.59935922811657,10.989412744800157,3.5564453749472453,2.8959220476248393,0.7839848919972275,-19.538372487401936,-0.6600782821905591,-2.0342346123486124,0.6966350292918433,-13.818526726553298
0,RANDOM,bowl-nl,0.07,0,100.29239811144284,9.0493811717386,3.2582279524208415,2.4766271948255145,0.8114423873872091,-22.294395949254508,0.44468893997960357,-6.594256365976758,0.6960622627212456,-13.345239336549703
0,RANDOM,bowl-nl,0.07,1,101.27323620872009,10.461584259395263,2.475514188020573,2.7611053383905557,0.8270061358645928,-24.48841331041151,0.36093871844293157,-5.923874068278616,0.6832210136361561,-12.780574713361299
0,RANDOM,bowl-nl,0.07,2,100.30381310212299,9.663974800702281,2.182841677852094,3.005398251760983,0.828279484159282,-24.40188541415731,0.3882524542486189,-5.989225620051769,0.7192854969337742,-13.949782520793901
0,RANDOM,bowl-nl,0.07,0,100.48866310073343,9.673482544823159,3.865997536825816,1.8380483916153822,0.8115718354511389,-21.215049858364942,0.47137049901772465,-6.148832712143382,0.6960823583181114,-11.625111348606548
0,RANDOM,bowl-nl,0.07,1,100.48811490564488,9.116157613680866,2.33402190988557,1.7011858239270339,0.8675127078348963,-31.63631319636088,-0.8181875508222736,-1.7600296229797159,0.7618226982816787,-15.89223622798463
0,RANDOM,bowl-nl,0.07,2,98.18955666515087,10.348988386733048,2.928619700714141,2.1147444618211524,0.8277550705313083,-24.316845115822165,-1.4127799158258463,-1.341615089221723,0.7669960763714994,-16.116741488259763
0,RANDOM,bowl-nl,0.07,0,99.48509795903115,9.65547687211953,2.3333650508358317,2.920742378656992,0.8245309053098624,-24.029158117749617,0.11271808821387808,-3.7656564620178363,0.6118527479475273,-10.52763408605052
0,RANDOM,bowl-nl,0.07,1,100.42772578762977,10.310523780715505,2.033462862301742,1.9431105285576946,0.8676199448395768,-32.04067238434576,0.08506102309994101,-3.851471345683138,0.6700270718083953,-12.18682342189757
0,RANDOM,bowl-nl,0.07,2,100.31654003332332,9.376894230360204,1.924213561735707,2.142881173627245,0.8658309684587391,-31.57600407452674,-0.4656286201073343,-2.3424244971690564,0.6812201817229773,-12.503762625278462
0,RANDOM,bowl-nl,0.07,0,100.64018639276073,8.793465159737556,1.7218903286360112,2.6050342529226813,0.8586691656445447,-29.41281794557467,0.18785879072373046,-4.11975688772131,0.6131783504417054,-9.38019736071827
0,RANDOM,bowl-nl,0.07,1,99.26567397847086,9.956470965521731,3.771996428013218,2.5601888910190773,0.7872945305049633,-19.590569728268502,0.18331473994166125,-4.226792721824815,0.5835822894997242,-8.494225887135585
0,RANDOM,bowl-nl,0.07,2,101.47130870570648,9.130625598785471,2.1146957422467074,2.455975785212274,0.8515062470731363,-28.491859132334383,0.22888355901775514,-4.282492368912568,0.6080528740837479,-9.090838755799357
0,RANDOM,bowl-nl,0.07,0,100.70392574081016,9.357256548075135,2.781013598800781,3.5785858148318783,0.7911385449573092,-20.15529628783897,0.32250762123615306,-5.389514106753352,0.6838927398659398,-13.154302497619485
0,RANDOM,bowl-nl,0.07,1,98.50903869438635,10.464895568218955,3.5742183536353727,3.1970572830525934,0.7692767946988348,-18.359984838063717,0.35859994299348275,-5.576287571032612,0.7668340473624343,-17.953126337135537
0,RANDOM,bowl-nl,0.07,2,99.33099999719653,10.488593327308724,3.485318693160599,1.9105218713861065,0.8177951014565805,-22.352473050548955,0.3465061019418315,-5.616110845227349,0.7398695940907527,-15.33740980531884
0,RANDOM,bowl-nl,0.07,0,101.02745843065992,10.40066990055345,1.052824496543719,2.3092997421417003,0.8887042906446416,-35.70834055830014,0.3550045587363303,-5.419241678624746,0.6298552689856362,-10.312912115192157
0,RANDOM,bowl-nl,0.07,1,100.22470870648672,8.780511181795115,3.3925812701454108,3.2266532945742807,0.7828434801585181,-19.53111202345643,0.33834250198558524,-5.5894941754603815,0.6287960661502117,-10.879505614620122
0,RANDOM,bowl-nl,0.07,2,100.5217539765707,9.414084614259597,2.4487223444328383,3.3526660071760515,0.8089714600686918,-21.944667423631675,0.3183716426446276,-5.215750256493994,0.5991914370771976,-9.10792082624682
0,RANDOM,bowl-nl,0.07,0,99.76391941866076,11.50240837946519,1.9397408488051318,3.6093185659654394,0.8113880212528997,-21.540159721461812,0.1531547976492248,-4.22006861654239,0.6172334596798408,-10.606136920849073
0,RANDOM,bowl-nl,0.07,1,100.00636112558686,8.548774693083624,3.2590769388445993,2.5730797981359514,0.8086930686296401,-22.025301330058745,-0.41868456780714003,-2.361654363287741,0.696907333011734,-13.207920218564299
0,RANDOM,bowl-nl,0.07,2,100.69942369697817,10.508566087055867,2.660033687469032,3.8745226308040124,0.7826423933165656,-19.190541152879536,-1.055375791122119,-1.6659484033538576,0.5593868222037818,-9.628825602643953
0,RANDOM,bowl-nl,0.07,0,100.74176564748876,11.58049205930302,2.1167408790507913,3.12672113663379,0.8235737847385561,-23.6136182881962,0.19111444032953917,-4.2751602381151566,0.5435150607935055,-8.250511932384386
0,RANDOM,bowl-nl,0.07,1,100.79604217614053,10.63609652732286,2.300180478147417,2.214917722825111,0.8497637226215962,-28.234754583658145,0.19889555193808606,-4.429429076763431,0.5988521651606026,-8.898658650107578
0,RANDOM,bowl-nl,0.07,2,101.60259858535346,9.623632998586817,1.921457615477655,2.712205250640279,0.8488677437316844,-27.672320186033286,-1.0244861881166138,-1.6325161711438851,0.5700774523279227,-8.581811662867624
0,RANDOM,bowl-nl,0.07,0,100.95377874150587,9.632774218959355,2.3116775148864352,2.403490327785772,0.8451013148401779,-27.384587613055757,0.2600849864968636,-4.671231749362835,0.6535207386696038,-10.687233646048737
0,RANDOM,bowl-nl,0.07,1,99.89271365672381,9.628229736404503,1.6828856194961301,2.242504183412759,0.869537065994616,-32.19437259787797,-0.49273514064965074,-2.3116206412031652,0.6764529741487971,-12.798549153427471
0,RANDOM,bowl-nl,0.07,2,99.87975023470149,9.556590866607886,2.529750436908577,2.8109512067869415,0.8226135462579234,-23.88441683598224,-0.46855737859240154,-2.348440618382124,0.7056825207099583,-14.392364204821517
0,RANDOM,bowl-nl,0.07,0,100.0016681240453,9.327700650160569,1.8681121434170307,2.083568787223363,0.8692563795078716,-32.401952579473765,0.5316839958462822,-7.845207759049912,0.7155013645389867,-13.83450067323768
0,RANDOM,bowl-nl,0.07,1,100.62723109614369,9.162179940675028,3.1175109691635874,2.889766828385006,0.8029648137187068,-21.516943928939856,0.5198900348038942,-8.025917297911954,0.6895871568794996,-13.364161951034282
0,RANDOM,bowl-nl,0.07,2,99.84993666563477,8.523190793696966,3.2060412072227793,2.8603257804200917,0.8007253977006018,-21.255934749197543,0.43282178888384903,-6.620871699494131,0.6240146289653875,-10.914524360023174
0,RANDOM,bowl-nl,0.07,0,100.89053939691725,9.219601631185064,2.8385333933029786,3.2721434799466413,0.8000235290862093,-21.16248717223112,0.2195251208936574,-4.374064653803689,0.5561044328579878,-8.685586761258236
0,RANDOM,bowl-nl,0.07,1,98.8053315075002,8.65994032992744,2.996623005003751,3.2651643096161616,0.7916104007263619,-20.34048039568813,-0.9566483553522998,-1.619843799190058,0.6075333770454411,-10.795522463459667
0,RANDOM,bowl-nl,0.07,2,99.3474998249949,9.932109193221317,3.1396700662430344,2.662988799491758,0.805313420047639,-21.718996648033347,-1.0252307707151167,-1.6027312415415806,0.4973663042855352,-7.336833268986306
0,RANDOM,bowl-nl,0.07,0,100.28002797541248,10.197955048150321,3.0706581136369127,3.6587077388032383,0.7758921736445655,-18.859376882687233,0.27263558616922656,-4.888089340264256,0.677879689274892,-13.078771052188998
0,RANDOM,bowl-nl,0.07,1,99.84637036974547,9.739671944849599,3.0771105825775202,3.034021165848446,0.7965368217263135,-20.851611888985797,-0.4301330113847306,-2.332239721886917,0.6584153715191132,-11.564978653564362
0,RANDOM,bowl-nl,0.07,2,101.17895344412943,8.761609377843412,2.8221390552726295,3.8248228207072024,0.7842300508697051,-19.44282802799987,-0.46119027966976534,-2.2921180140987345,0.6608714262639115,-12.176342778929618
0,RANDOM,bowl-nl,0.07,0,99.82139630682074,10.765556495860773,2.5617824908650997,3.5548328893714722,0.7939512312762287,-20.324351305290236,0.10969006463821662,-4.088853002002732,0.46374435737160635,-7.432672653951371
0,RANDOM,bowl-nl,0.07,1,101.33307841699082,10.60767850672934,3.054733317382686,2.187930268872716,0.8266418139316761,-24.145467553935404,0.1834786245951716,-4.331545007954941,0.5778760326831269,-8.878032003361787
0,RANDOM,bowl-nl,0.07,2,99.43920009807447,8.611109061662837,2.1811673203234285,2.285544950632857,0.8524670434007366,-28.74939196479369,0.24973885039828003,-4.798818866295644,0.610619815832697,-9.360785360489121
0,RANDOM,bowl-nl,0.07,0,100.67023041296696,9.800072871632583,4.688532632284058,3.6035455958683857,0.7262441778738877,-15.366913087567822,0.22188123947896443,-4.459087725724315,0.5277754617346956,-8.119276449650009
0,RANDOM,bowl-nl,0.07,1,100.4426780648491,11.840981085455741,1.3662872204881955,3.9171489380930558,0.8211060395442521,-21.3570642551525,-0.4048320903692959,-2.4675217756045846,0.6625816715687047,-12.526512043683526
0,RANDOM,bowl-nl,0.07,2,98.42621049280709,8.468838606012625,3.212136130368089,3.341248825179436,0.7814503196982721,-19.408939501722404,-0.3273348420267712,-2.5646255695342686,0.726864633379559,-15.531834378696676
0,RANDOM,bowl-nl,0.07,0,99.34409117054955,10.853170894848292,2.4597636562671004,2.4524938433518217,0.8334657109120003,-25.476050993705236,0.24812390504358728,-4.494965080268314,0.6706064317960446,-11.785605499354997
0,RANDOM,bowl-nl,0.07,1,101.77166640572257,9.162848824030155,1.7903394481112402,3.9748909430539348,0.8132392613884895,-21.243083891092844,0.2490168845941122,-4.77887721671575,0.6352854164365282,-11.361770234471345
0,RANDOM,bowl-nl,0.07,2,99.20438557343357,13.03457431998857,3.6992446796510756,2.0823020368128384,0.7987155838327508,-20.298923784382403,-0.4647543179614304,-2.174324285262729,0.6385591573463011,-10.754841149063967
0,RANDOM,bowl-nl,0.07,0,100.38575617969418,11.07697159155178,2.589380687783526,4.314969658190808,0.7680737551916803,-17.74717638624092,0.16865141070007506,-4.324944279000211,0.6487644875486434,-12.060543634027997
0,RANDOM,bowl-nl,0.07,1,100.41249525007353,9.550234376784918,3.0347355799320677,1.9657898045599078,0.8348976130541559,-25.129285226701104,0.22469751037808072,-4.476383261252395,0.6891516865519828,-12.090626426836678
0,RANDOM,bowl-nl,0.07,2,99.07083436004332,11.227511965517747,3.7359929268688687,2.9564892090738804,0.7714402659128079,-18.43785714596844,0.2124237836207239,-4.607074304483912,0.7264913505780266,-13.899662507040416
0,RANDOM,bowl-nl,0.07,0,99.90019895692595,7.788650969121842,2.0564241782076658,1.740298626375833,0.8763437520856929,-34.19164289385813,0.4598775376954949,-6.121405301898611,0.6615212010395809,-10.650294695361087
0,RANDOM,bowl-nl,0.07,1,101.46270555675585,10.924129823870976,2.040864126041588,2.5886196017967427,0.8466018371606601,-27.466116177328114,0.3703329291409203,-5.908931319866156,0.6281225163756355,-10.508027916389969
0,RANDOM,bowl-nl,0.07,2,99.22182456072679,9.542393671762706,1.7206223379687455,2.3293009492307726,0.8645199937024388,-30.96782088355532,-0.3795578806126567,-2.4282056976525594,0.6584551228146637,-12.392753209487578
0,RANDOM,bowl-nl,0.07,0,99.0653147007994,9.704199298016386,3.1641775994336836,2.1804939223522646,0.8205705636832451,-23.254591420373327,0.3183964821047178,-4.830982563496756,0.6255157315127655,-9.846845572613706
0,RANDOM,bowl-nl,0.07,1,100.29948288134223,10.426039266315785,3.978231175381082,3.8708162659088856,0.7379966608964683,-16.191562569607484,-0.9076409927300384,-1.6760898894889136,0.6594723532223836,-11.291742277640365
0,RANDOM,bowl-nl,0.07,2,100.625453393225,10.594206001050393,3.021532715720217,3.1891202172089015,0.7930500871810999,-20.49334970015148,-0.8951239760426954,-1.6867320672488455,0.6326176942360617,-10.439706688282667
0,RANDOM,bowl-nl,0.07,0,101.18471633277846,11.200746042823154,3.109210667503216,2.290240538998853,0.8199862312441842,-23.301908113109747,0.07947342223737264,-3.6248122562833225,0.6474424770695941,-11.555243606030277
0,RANDOM,bowl-nl,0.07,1,99.02885062014309,8.751863365728797,1.7734102640377962,2.760818281554847,0.8493227781467331,-27.512347781833633,-0.49809211574498735,-2.157542477979046,0.5932613495417665,-9.024295395046869
0,RANDOM,bowl-nl,0.07,2,99.25193297317513,10.555719375595254,2.08073982552855,3.006423346704427,0.8279352759528018,-24.258888280824138,-0.5513207475605171,-2.169356829886758,0.5992992743259401,-9.822227874647282
0,RANDOM,bowl-nl,0.07,0,99.59760209937717,9.273113817437707,3.487760999636944,3.2245222705571064,0.7770610141988643,-19.015883739085844,0.33996561639423206,-5.61587875124675,0.609121643929063,-10.350778692197625
0,RANDOM,bowl-nl,0.07,1,98.52062102717575,10.322107312559396,2.7414191359028233,2.7914551636120803,0.8118038252633959,-22.542791931636636,-0.9648451295280966,-1.7063920149805272,0.6781907385151356,-13.168410881213935
0,RANDOM,bowl-nl,0.07,2,100.7446466132883,10.42713252056552,3.7842878591571973,2.2291081109654525,0.8002581438208394,-20.564047139116447,-0.9289222443942249,-1.702073480153213,0.7093635990430724,-14.542172634469384
0,RANDOM,bowl-nl,0.07,0,98.19703071157733,9.996278860030383,3.3036479157976983,2.289924208313586,0.8097440665746486,-21.94222190803707,0.16349168948803128,-4.168381760914612,0.5464197295920733,-8.027480553434467
0,RANDOM,bowl-nl,0.07,1,99.60299805593856,9.340425416211618,1.615480309156369,2.536846533204935,0.8619917407317365,-30.01197750524245,-0.5079480481511689,-2.1620451958964564,0.6196015333842828,-9.913558862789744
0,RANDOM,bowl-nl,0.07,2,100.18835660256812,10.103706880970467,2.8825988669575384,2.528964648649,0.8197840520333691,-23.491876682959358,-0.5478704718138603,-2.1593109575363214,0.6476302656574668,-10.935337922120778
0,RANDOM,bowl-nl,0.07,0,98.85517609146785,11.554296388683436,3.9787066250251395,1.338785952380207,0.8172701376374877,-20.796268898644442,0.15439947616428717,-4.03067321912944,0.6631742041274943,-11.156106702231085
0,RANDOM,bowl-nl,0.07,1,100.03678968902852,8.318508627041272,2.5911070900366977,3.5013115012346874,0.8007239607831117,-21.056573246086213,0.1214039000099354,-4.09834078701881,0.6061416229558031,-10.123799411902885
0,RANDOM,bowl-nl,0.07,2,100.28759939175639,10.123610683909746,2.1495229833022345,3.706274775759242,0.8051617554974517,-21.044237155822472,0.04268205085010457,-3.7844567987839586,0.5751083426556624,-9.546173158656195
0,RANDOM,bowl-nl,0.07,0,103.0859341831823,10.5605751522296,3.0172586097643355,3.745282086047491,0.7807344678268299,-19.23816710545074,0.47471330825272706,-6.787272914394989,0.604574600254307,-9.710738714261275
0,RANDOM,bowl-nl,0.07,1,99.67691822113832,9.606119471086812,1.9711729398361506,2.8649754230831155,0.8389217672087148,-25.90037723529818,0.5027330830170847,-7.271113792233292,0.6303273674327219,-10.69486586780927
0,RANDOM,bowl-nl,0.07,2,99.85136991104434,8.601740730504558,2.8688413812882922,3.4127109825036164,0.7934823707163667,-20.46714939155122,0.5568503429924611,-8.3886511726861,0.6820787786944225,-12.830320183800938
0,RANDOM,bowl-nl,0.07,0,99.60248211554153,9.795459747598834,2.3673631551391803,2.354279457360401,0.8422737168652078,-26.898651983634675,0.1698046999435906,-3.811976411878764,0.6718899437890946,-11.07829302186107
0,RANDOM,bowl-nl,0.07,1,101.3531565344313,9.951186735495956,3.420843549691616,2.635622315477891,0.8012143760634778,-21.16564747021753,-0.6116166662784401,-2.136781739525562,0.494467486197502,-8.31995118335132
0,RANDOM,bowl-nl,0.07,2,101.73834332374528,9.602396823019252,1.5998618974639618,3.4452169475940564,0.8357292988241588,-24.25547659598042,-1.023848460432899,-1.6960766563995981,0.5558929074352136,-9.48112342207082
0,RANDOM,bowl-nl,0.07,0,99.19721797662618,10.56854670343117,1.90900298396919,3.7914314765441035,0.8070454725782172,-20.87881964792833,0.17797954285588302,-4.402235938216445,0.5275210349425405,-8.81517144658226
0,RANDOM,bowl-nl,0.07,1,99.01288854097443,9.427840233456635,2.6003850164707782,3.30961270849031,0.8020875859326249,-21.284250076658147,-0.4510518709144673,-2.294602217371759,0.6008153257158464,-9.60720404643885
0,RANDOM,bowl-nl,0.07,2,99.34693518930027,8.800684814922285,2.4744919520721127,3.1301008277951086,0.8143072930123291,-22.69290982205976,-0.42887584658965716,-2.303023136334974,0.6164555140041563,-10.378530755942284
0,RANDOM,bowl-nl,0.07,0,100.92426605646551,8.963665287298229,2.2000801900071045,2.4897205917822185,0.8470061936558685,-27.67806494341555,0.4174685755399774,-5.859589493151058,0.6228728338963119,-9.754750363343353
0,RANDOM,bowl-nl,0.07,1,99.25942892469357,9.36386894945392,2.9447141707108857,2.81015032624956,0.8079483180744789,-22.085103832554267,-0.3955444071312786,-2.4279145024993176,0.6643966458921257,-11.869207919597052
0,RANDOM,bowl-nl,0.07,2,100.16773253149987,11.468229789103567,3.1838364752008954,2.7757319003429126,0.7984351143596004,-20.999331777124787,-1.6252750114614312,-1.2790521317878947,0.6836064401881912,-13.23639357143294
0,RANDOM,bowl-nl,0.07,0,98.82952022070742,9.477820367407734,3.479654955283659,2.677591226856614,0.7932693101894169,-20.35061497368594,0.3970434645268638,-5.871131302435357,0.6964598340405252,-13.202899763734381
0,RANDOM,bowl-nl,0.07,1,99.93200157903617,8.422447801683827,3.362468070434717,3.165330504652244,0.785996161964593,-19.81603394451523,-0.2872559197216271,-2.4933835319994744,0.7049889548532354,-13.855517725884926
0,RANDOM,bowl-nl,0.07,2,98.04599354089339,10.664848656779316,2.4245029650325858,1.8119653132987017,0.8545520907073347,-28.869284971630197,-1.5703900151441679,-1.2409345951622126,0.7396777020412593,-14.493574245436047
0,RANDOM,bowl-nl,0.07,0,99.07276159556511,9.974937626375056,2.6702038594172843,2.068584715752763,0.8404409323124867,-26.378051398200096,0.2127334238495472,-4.2619603769453995,0.616205179141069,-9.300507014224669
0,RANDOM,bowl-nl,0.07,1,100.93602712552219,7.511498411372898,1.7756857899318388,2.2575042516025006,0.8704882936940037,-32.52745741659787,0.2440829575153859,-4.64120521859244,0.6769982117439546,-10.923425554977795
0,RANDOM,bowl-nl,0.07,2,99.6611898260812,9.329052261320788,4.2374818879570055,2.1174267794171993,0.7889485789212634,-19.069235870248914,-0.4063547085822041,-2.424003318697421,0.696375698758219,-11.625154407538167
0,RANDOM,bowl-nl,0.07,0,101.35011142365906,9.196530194091656,2.50937493652239,3.377443705782746,0.8083584415138382,-21.90157920347317,0.3829216861825314,-5.8943066516096065,0.7837304078698519,-19.499237676690562
0,RANDOM,bowl-nl,0.07,1,98.83168681278502,10.562532437402433,2.3168196602381816,3.431806578207366,0.8046216842409635,-21.31772512452382,0.29403600173437183,-5.122250858126511,0.7371092164681892,-15.420191539915377
0,RANDOM,bowl-nl,0.07,2,99.69887032318027,10.13828550420435,2.826529579658667,2.308572074636056,0.8279901254103901,-24.54057803630497,-0.3500297579852205,-2.5079085905869207,0.7626395777439442,-17.641658471324295
0,RANDOM,bowl-nl,0.07,0,99.60426401876097,10.463273630327055,2.9787303156132254,2.489119236887696,0.8159819788177816,-22.963693386645463,0.1781619301812465,-4.059206097427936,0.43834053806387807,-6.325650013537907
0,RANDOM,bowl-nl,0.07,1,101.46746808882975,10.237875994621367,1.5492850153158861,1.9419174089342657,0.8851950662901696,-36.72370107486207,0.19277752711880491,-4.193399624219328,0.47706788269101996,-6.6421170842426625
0,RANDOM,bowl-nl,0.07,2,100.39566621294094,10.529795135618558,3.585115347318688,2.618437146639262,0.7929062806739962,-20.242286730461352,-1.0098717452522679,-1.5889106919588727,0.8194059353364358,-22.78964265469989
0,RANDOM,bowl-nl,0.07,0,100.16266817802178,11.551280155942619,3.5567676200006466,2.0291496505797344,0.8108848965601843,-21.63955543428411,0.2009080771211028,-4.10319348581609,0.6375281692082998,-9.92040162054607
0,RANDOM,bowl-nl,0.07,1,100.1347153219665,9.234101214455183,1.7240286902019464,1.892505654017423,0.8806432372412148,-35.50736816702489,-0.4016258040974825,-2.3138114120018005,0.731007640608349,-14.485789952842325
0,RANDOM,bowl-nl,0.07,2,101.52164303466137,11.935124826792743,2.2329315622529085,2.801506571240829,0.8314108562023047,-25.00659113109149,-1.0099643196753108,-1.6282318596233547,0.6762501930820803,-12.130458046411341
0,RANDOM,bowl-nl,0.07,0,102.0451819593089,11.234888014943362,2.5287918323544853,1.7404495899293684,0.8589617574115755,-29.581386638702835,0.23170850475569904,-4.336242915869867,0.5639638038065964,-9.71007630863479
0,RANDOM,bowl-nl,0.07,1,101.04965521195219,9.496404672003317,2.928690394383569,2.0704588924652017,0.8361887997193257,-25.52614836638514,0.2529465190002549,-4.681739097398843,0.5969266760678655,-10.423732626768084
0,RANDOM,bowl-nl,0.07,2,98.37019482634679,9.985679464480004,2.246093347453277,2.5347131259745965,0.8377270117784499,-26.09756829577715,-0.4844669841397602,-2.2560187009273887,0.6847719934344534,-13.42166779237413
0,RANDOM,bowl-nl,0.07,0,99.66668840357275,8.990898964720106,2.800170635730261,2.2242442562666995,0.833767703934295,-25.35632607706778,0.3011547773151938,-5.070398528996684,0.5993102790450228,-9.546092399275004
0,RANDOM,bowl-nl,0.07,1,99.628549043834,10.057969256760606,3.6062389381136954,3.2272588863950062,0.7711246982853104,-18.508467639754773,0.3566883289626521,-5.678812598640554,0.6438196540286034,-10.671387461822185
0,RANDOM,bowl-nl,0.07,2,99.1131107462853,9.70078980661188,2.6436364693450827,2.7937234388577883,0.8175634011825463,-23.246570916079218,-0.3584530455719328,-2.413523643453091,0.6364026349807378,-10.128623021063975
0,RANDOM,bowl-nl,0.07,0,100.10180145354852,10.299564537800373,3.1215834809779053,3.662325532970248,0.7733717138812666,-18.66151226704821,0.2147382998761751,-4.611144760560568,0.6169530682986408,-10.904576487105958
0,RANDOM,bowl-nl,0.07,1,99.04095077901611,11.148994834987498,1.5901127085352373,2.4223712073439403,0.8630426229756085,-30.332213429729528,0.2140908896933692,-4.594505040098382,0.6821628537239299,-11.588396354384559
0,RANDOM,bowl-nl,0.07,2,99.98749518650277,10.687588537486125,3.253532294752093,2.5524997464658266,0.8049483277500653,-21.594527880101317,-0.4474692174035977,-2.3357470989407183,0.6360715577673823,-10.718019879715635
0,RANDOM,bowl-nl,0.07,0,99.80377586219649,10.388881286924796,2.8682829242978185,2.553414698249877,0.8180941447741604,-23.284044364622282,0.29004655990984785,-4.863408095362619,0.6131811281223103,-10.232582622809545
0,RANDOM,bowl-nl,0.07,1,97.93067697683267,8.853712243653337,2.6507789997650746,3.3946048963554794,0.7963990831671623,-20.68205955627886,0.31275662074860544,-5.040541706918235,0.5943452762542523,-9.733181583346154
0,RANDOM,bowl-nl,0.07,2,100.70053968144312,9.087648392400691,2.209940785054139,2.7983252603167763,0.8359969003848062,-25.69257224498198,0.3006014775253172,-5.048537643021734,0.580674285076387,-9.561317353188912
0,RANDOM,bowl-nl,0.07,0,102.18035067935078,7.749354392046425,2.965097788164446,3.094718816108311,0.8074842951195,-22.032854032955015,0.36115218352585177,-5.684074106538466,0.6827941187994091,-12.566136322923096
0,RANDOM,bowl-nl,0.07,1,100.3375710082193,10.353881013471483,1.9306925559326444,3.1537879194463656,0.8304865978820457,-24.334183191245952,-0.4521650359508276,-2.3573041605559446,0.6798722484728039,-12.740381134762533
0,RANDOM,bowl-nl,0.07,2,99.60843739244291,9.737849361219139,2.8179484363654104,1.7355031785564456,0.8479997166590303,-27.15531919015934,-1.5299323831544989,-1.2665071032962494,0.8488763770672292,-27.972707469445215
0,RANDOM,bowl-nl,0.07,0,98.07661995854573,9.45848823501051,3.0071774371137145,2.6037961279079815,0.8100510542517497,-22.278192599792824,0.27148077553280425,-4.842454015988243,0.513868171166169,-8.10913344354633
0,RANDOM,bowl-nl,0.07,1,99.00692069338014,8.960218907468931,2.4802374192580956,3.701348409406003,0.7940540062190947,-20.21019551580676,0.291287160053875,-5.19506138723434,0.5141279368815859,-8.50217419274609
0,RANDOM,bowl-nl,0.07,2,99.17224203166995,10.924378871767653,2.220983085251229,2.963012283056878,0.8237692613956599,-23.83145219807498,0.24417928908527387,-5.010086407616841,0.5978037749211087,-9.792149048552968
0,RANDOM,bowl-nl,0.07,0,99.40333890264651,10.43341748943111,1.1027927569607885,1.6507958685697275,0.9071510264887734,-44.815126305950734,-0.003397020418813179,-3.343314011431793,0.6823325551841288,-11.94808895721803
0,RANDOM,bowl-nl,0.07,1,100.5406258657243,9.14186213892742,2.0392473906314623,3.369491040204927,0.8224678909113968,-23.20632800218731,-1.074713444809634,-1.652658499420591,0.6813850585588737,-13.213920512298033
0,RANDOM,bowl-nl,0.07,2,100.69469912422194,9.787960269928949,2.1473181600434454,2.169174911602087,0.8575520431362931,-29.7834127777883,-2.34802881755294,-0.9851499990509837,0.800253798623105,-20.30673814469404
0,BORDER,bowl-nl,0.07,0,101.03197091652578,9.975574465511272,2.671371699752606,1.9829181497114143,0.8466569061306566,-27.369832132934068,0.6172979430397911,-9.760315915804016,0.6446457482377397,-10.811096811387765
0,BORDER,bowl-nl,0.07,1,99.15925126043335,10.846227325858136,3.4096584925282163,2.6515545283644113,0.7941001422831038,-20.446054993168215,-0.309680899172049,-2.5737902286747283,0.6855198406509818,-12.302379985537897
0,BORDER,bowl-nl,0.07,2,99.39475282016573,8.992075768612642,4.799962981194654,3.5595589260391276,0.7225904526322818,-15.12814684618555,-0.8905848199063398,-1.781011640665029,0.6879999747187672,-13.578731085018047
0,BORDER,bowl-nl,0.07,0,98.35675360703026,8.85877023662291,2.7125477407984997,3.074651327821435,0.8060113026904197,-21.827870072156536,0.6025600408113743,-9.124812318809004,0.7847977672164146,-19.321777987113887
0,BORDER,bowl-nl,0.07,1,100.07215713785978,10.80113504029783,3.3437590667778756,2.3647061848939077,0.8081640004491104,-21.79770795630007,-0.8285938811157831,-1.7177002443562606,0.7740545088740249,-18.766045093373325
0,BORDER,bowl-nl,0.07,2,100.04584655931849,9.634298794510636,2.799073768788675,1.5435674456132091,0.8559042073132532,-28.284818716269196,-1.9962387901551977,-1.0353262241335195,0.8363435737836454,-24.59800105026899
0,BORDER,bowl-nl,0.07,0,100.83517077395078,8.508342483192063,2.504943958777172,3.3823243869435693,0.8087034357820558,-21.93608011872255,0.5032676197072409,-7.559450052931752,0.5874072984761824,-9.570262175618739
0,BORDER,bowl-nl,0.07,1,99.18115358702092,10.478276159517536,3.210913303333232,2.3253113898627418,0.8127605940048321,-22.37444988205915,-0.34713113729779677,-2.4945441070428234,0.5940450339062359,-9.25325820300476
0,BORDER,bowl-nl,0.07,2,100.82304798506799,11.94211842783488,1.7433733952773294,3.2272049648163788,0.8322279576218989,-24.231461280845394,-0.9967948918056773,-1.700027584152009,0.5889239782472735,-9.692945311791636
0,BORDER,bowl-nl,0.07,0,99.57353964478574,9.594652815308063,1.7811479571206372,1.8049226583972513,0.8804362642656165,-35.4835638489824,0.5778505540362708,-8.7772701638483,0.6053622747220684,-9.956714968259016
0,BORDER,bowl-nl,0.07,1,100.25895418650273,9.341229398751468,2.8471876282140403,2.1487369292092913,0.8351501458350485,-25.488509888768615,0.5449880062699517,-8.471921132610346,0.6420244629379988,-10.43968064299014
0,BORDER,bowl-nl,0.07,2,100.23549092810696,12.105062251004764,3.238490927099014,3.302396980289119,0.7773451914768377,-19.0538809090811,0.45178849950652944,-7.614082637569766,0.588460891128918,-9.803718521236746
0,BORDER,bowl-nl,0.07,0,99.38418387521955,10.115079093353767,3.1216588278273165,1.8374634812854653,0.8333424877095827,-24.644345201340858,0.5893053475113025,-9.091636611792588,0.6403500943427586,-10.297093699031919
0,BORDER,bowl-nl,0.07,1,102.0511257422418,9.628185601493964,3.318516373136281,3.240176161971693,0.7871082917795098,-19.927211372416078,0.48653079891368267,-7.571723403383802,0.5931826666947699,-9.079753704185505
0,BORDER,bowl-nl,0.07,2,99.933922693521,9.162820109075131,3.327973911086063,1.672201056601137,0.8347433877526567,-24.371557692872663,-0.8496716808499711,-1.771571795624594,0.656269281912104,-10.34211651185904
0,BORDER,bowl-nl,0.07,0,101.51903284998461,9.631259586320843,3.3016249462400924,2.7645467828823507,0.8019484579831061,-21.338431987654896,0.5295385649833353,-7.7846170835152195,0.7511455138976952,-16.788362219537532
0,BORDER,bowl-nl,0.07,1,100.64318377035676,11.54037867244784,2.6565760571840276,2.106857702510997,0.8396200740999966,-26.27927366248758,-0.3407801226057503,-2.511960498671406,0.7305012067147801,-14.65246892606006
0,BORDER,bowl-nl,0.07,2,101.13966121726486,10.492420074123283,2.8079582863078856,2.987825677100797,0.8081866400901315,-22.1079442915658,-0.9332245366032728,-1.7368576287320665,0.6785422591665576,-12.659914052507624
0,BORDER,bowl-nl,0.07,0,99.58183509924912,10.250961908373311,2.9749009882080624,2.9903558001496426,0.7996686954258836,-21.17805031691784,0.46775074208013356,-7.034603998893958,0.4703453885057316,-7.109931863881352
0,BORDER,bowl-nl,0.07,1,99.25638182916555,12.629673419367716,3.913775992465968,2.3041282033084345,0.7846655733578192,-19.07381079838679,-0.370221034811244,-2.3845303351702642,0.5159697338518887,-7.4388606898627625
0,BORDER,bowl-nl,0.07,2,99.01325184926495,10.365212722820292,1.3127522597946775,2.1700038618232917,0.8821376257409277,-34.95329911379036,-0.34156361598684737,-2.505875782615308,0.5368644985449846,-7.897360298472244
0,BORDER,bowl-nl,0.07,0,100.76651073590632,10.673613059303694,2.1965630653393937,2.5079481216238912,0.8433446595140964,-27.023513770695512,0.6200551669350618,-9.596421167631863,0.6886213780164607,-12.430961271931338
0,BORDER,bowl-nl,0.07,1,100.5925815679393,10.2361500146245,2.8076879795219054,2.842535351377864,0.8124021754588928,-22.615187626289273,-0.8810856994090086,-1.7139525259568615,0.624039354182073,-10.314117978587108
0,BORDER,bowl-nl,0.07,2,101.23894134522524,8.528024134954034,3.4091165831552392,2.385422303058477,0.8124965518438937,-22.281955336306563,-2.033878053336173,-1.0430044370320315,0.6392703425857408,-10.491139834064402
0,BORDER,bowl-nl,0.07,0,100.21747222233458,9.615068620840146,3.2841491535128897,2.927230996217559,0.7943306169762147,-20.594478289464014,0.4599707121882254,-6.652421563036342,0.5355560306296561,-7.911652860669647
0,BORDER,bowl-nl,0.07,1,98.17906477626457,10.784255519468045,3.116970984896825,2.510268268316257,0.8068338622945574,-21.83713517667725,-0.3954219764588436,-2.4304159712072644,0.4858977255580025,-7.119963338646305
0,BORDER,bowl-nl,0.07,2,102.15681620694889,11.725166725465398,2.5449292486307193,2.1389955370869265,0.8446144194236982,-27.201989391066892,-0.940992056158872,-1.7176696831931693,0.6296613081429243,-9.494706793223344
0,BORDER,bowl-nl,0.07,0,99.71304816655476,10.222534407889231,3.069019620198897,3.2124918216949054,0.7894242245999324,-20.142556539356754,0.2847855827883289,-4.850512300355662,0.7382138747895215,-15.85861650282993
0,BORDER,bowl-nl,0.07,1,99.13970272834507,10.71533637620828,1.7791216487061006,3.8824812612847746,0.8079170998824785,-20.704856434393182,-0.3956715651077489,-2.409442621051664,0.6714613297087368,-12.330141652060917
0,BORDER,bowl-nl,0.07,2,99.99372775870668,9.446734090180929,2.0045604478577004,2.4224827643073095,0.8533233506888748,-28.79709502824643,-0.9042933458687896,-1.7323076906785975,0.787684726124978,-19.702551014189023
0,BORDER,bowl-nl,0.07,0,99.59219111833049,11.224045921050504,1.8179607007819893,2.571149026015845,0.8509946185811899,-28.06287189279463,0.4433514251540478,-6.3382247680964126,0.7228383188414784,-14.28387696585426
0,BORDER,bowl-nl,0.07,1,97.34886318222837,9.134741755243954,2.530743664123406,2.9456988604701397,0.813756263645619,-22.714932394020256,0.405608045046413,-6.414180935887802,0.7772310319212385,-18.766567795993293
0,BORDER,bowl-nl,0.07,2,99.6970904822419,9.110546243730038,2.797741159554936,1.5150008185256298,0.8571727617715971,-28.47200277588739,-0.8727384080251868,-1.7581411606860773,0.7570219100040017,-15.318747195927894
0,BORDER,bowl-nl,0.07,0,100.45897209631826,12.040047922720795,3.4728004070751024,1.762609138740716,0.8223657572827894,-22.703534287478092,0.628596582202074,-9.805594454635568,0.7482322011232572,-16.41969071785177
0,BORDER,bowl-nl,0.07,1,100.43146999840444,9.27927612204599,2.092558779222662,3.390345776942395,0.8195467056908505,-22.878852708623494,-0.2940210394234968,-2.6274955155184654,0.7122456382129709,-14.716085265355698
0,BORDER,bowl-nl,0.07,2,101.55555577115028,11.457799723078217,3.2678799248829278,1.8386595481113577,0.8299667040452261,-24.028453611858108,-0.9091385550135667,-1.7484292929954326,0.7690773086638276,-17.36919863479201
0,BORDER,bowl-nl,0.07,0,100.65510774915633,9.370728063186297,3.2337236619091847,3.001453607704056,0.7950850750896359,-20.690049974065026,0.49795606063484055,-7.275897272278072,0.606711557269946,-9.777101755318442
0,BORDER,bowl-nl,0.07,1,98.79973654005862,10.733446747171849,2.4513618210023904,3.2254533020297917,0.8066178851277992,-21.737989254708925,-0.3591302062349204,-2.478637071808166,0.5860600266067395,-9.123642145958527
0,BORDER,bowl-nl,0.07,2,100.90573916902216,8.749820585616902,2.0857539103446627,2.230216810603377,0.8594999392130667,-30.17981648216053,-0.8100521764136495,-1.7779179742353144,0.7119075280325005,-13.056227693304248
0,BORDER,bowl-nl,0.07,0,99.85844967811526,9.511363423693828,2.0029783528219376,3.150928525138499,0.828863095923864,-24.197946585899064,0.5268520357507152,-7.819015258071361,0.5982345149605814,-9.505901413261448
0,BORDER,bowl-nl,0.07,1,100.18755894682353,10.933302787119567,3.125701997586531,2.892969636984688,0.7977013569929285,-20.956504126292035,0.46841889290580396,-6.963441481867394,0.5267643503815486,-8.080244298709225
0,BORDER,bowl-nl,0.07,2,99.26441266983402,8.957654977329796,2.655353452182453,2.6204917999262105,0.8247358651694818,-24.206595784214443,0.5808559072171213,-9.029140409445349,0.6478826239238686,-11.182516181075963
0,BORDER,bowl-nl,0.07,0,98.86106823080152,9.734280832272672,2.081305833716763,2.628978424200205,0.8414522369064528,-26.580317530660334,0.6356088770662944,-10.338569162191563,0.7100864531779092,-14.341527627838277
0,BORDER,bowl-nl,0.07,1,101.29891067142634,10.235740213476733,3.4148444995316476,4.323476027087216,0.7450675013497734,-16.528658497110836,0.5356263485275601,-8.690436678341428,0.7219511696407787,-14.994277265826588
0,BORDER,bowl-nl,0.07,2,98.78393182846192,10.612515430253733,3.845475815594799,1.9593525151923339,0.8024928519497472,-20.429574201815516,0.6377404185584363,-11.650774478331547,0.7644709715530412,-18.013230211986375
0,BORDER,bowl-nl,0.07,0,100.9769083119676,8.936496723343732,3.732729300083355,3.072745751437885,0.7781797712311929,-19.03717148487156,0.6319888882063364,-10.929980434996349,0.6731682794083516,-12.415861365613612
0,BORDER,bowl-nl,0.07,1,98.94194684679024,11.643064177103048,2.9146508584736983,2.8122740724897266,0.8031959371359061,-21.554244799843378,0.5732134745027763,-9.93539415388376,0.7503708531486215,-16.19881071148825
0,BORDER,bowl-nl,0.07,2,98.58243639140763,10.352947012960042,3.123890984135823,3.1496758546583603,0.7866846940975268,-19.888890929082248,0.556173928281559,-9.445626639592753,0.6636020098071613,-12.319994639774361
0,BORDER,bowl-nl,0.07,0,99.59022335508594,9.95650241261702,4.162376950604399,2.211724323291995,0.7866617203812976,-19.01637261161727,0.6529664426359234,-10.61607049611901,0.7087801779887721,-13.14095226101546
0,BORDER,bowl-nl,0.07,1,100.37741421509357,10.601455601952607,2.8925319247547803,1.7792630362711603,0.8438848763122389,-26.436136320987874,-0.2643759474260077,-2.612807170528508,0.7191248171446243,-13.172053671420203
0,BORDER,bowl-nl,0.07,2,100.55384201295897,10.008513956099524,1.751379421273057,3.1048611188302657,0.839100239261806,-25.400140358622274,-1.4722022417560963,-1.3173396879152894,0.6872839915808088,-12.790146266160226
0,BORDER,bowl-nl,0.07,0,101.4758671075451,11.176787865413704,3.115997982303477,3.270656663316078,0.7878166189770064,-19.98930005254239,0.5231175740318277,-8.202494644793632,0.5477056880886036,-8.64250744107661
0,BORDER,bowl-nl,0.07,1,99.60681249180053,9.32816818734637,2.1626178840121995,1.7924707327367273,0.8685706244077773,-32.14031844830729,-0.2883843674927191,-2.567799137385515,0.6061529014171368,-9.266435154725809
0,BORDER,bowl-nl,0.07,2,98.17414521176677,9.089287159034367,2.0605756907073416,1.9199387708943974,0.865953163693244,-31.630698854030385,-0.828550225771522,-1.788285657159119,0.6528005847175296,-10.379769635710762
0,BORDER,bowl-nl,0.07,0,101.01449234578462,9.722670270499558,2.588911044229696,2.133163373974612,0.8448248382759789,-27.214520089774158,0.4976185065517228,-6.926535928504454,0.7059329903637068,-12.784463365499864
0,BORDER,bowl-nl,0.07,1,100.04467646795638,11.001791850367294,3.200217934182766,1.9337251380322664,0.8270290851111679,-23.814142773931945,-0.30482258170537646,-2.5282412377444987,0.7739749107395706,-17.132603882880552
0,BORDER,bowl-nl,0.07,2,100.67870094557847,11.653705835690998,2.899841982820052,2.9562047287818434,0.802660588600757,-21.498210429061647,-0.9980834773509508,-1.6995380621534788,0.6310473502701719,-10.741895305041108
0,BORDER,bowl-nl,0.07,0,99.00198079454653,11.060568838259469,2.490906725672463,5.445815340630606,0.7292496712385684,-14.68517347793695,0.4058833455014047,-6.694737043066142,0.4664217183989613,-7.607520045212233
0,BORDER,bowl-nl,0.07,1,100.53351311294026,8.76058708901905,3.5998906279957597,3.1686351251239104,0.7787410934890947,-19.13620208654648,-0.2652529218892339,-2.5834914011308228,0.6209823582523875,-9.509040870399915
0,BORDER,bowl-nl,0.07,2,100.52872974220858,11.069725402618783,2.8676826975543896,3.0046073150246215,0.8030732605645517,-21.538404776133483,-0.9533900180014008,-1.7085483426444785,0.5110529064119418,-7.422166440366889
0,BORDER,bowl-nl,0.07,0,100.29745806862448,10.340166591766868,2.868265222405972,2.421907293303752,0.823577196616552,-23.962995785427093,0.5316704380888528,-7.776687921000701,0.5650758135301026,-8.38006121953454
0,BORDER,bowl-nl,0.07,1,100.97500587486805,9.44817813635934,1.7904821968079843,2.062827801363948,0.8736989986417708,-33.50791579406952,-0.2949029984368907,-2.560313303546738,0.6069731764569442,-9.196505868168176
0,BORDER,bowl-nl,0.07,2,99.74011345748036,8.392019302991107,2.5651164250835796,2.7965556036114245,0.8239151431130922,-24.07188049782422,-0.8531834966836955,-1.7857971069047494,0.5815330732723467,-9.222973432811285
0,BORDER,bowl-nl,0.07,0,98.87761758026475,11.553817027628323,2.9849794706428017,2.862824630346943,0.7990993040620749,-21.11349256609244,0.6156323855434849,-9.868444461791285,0.7364100814889677,-15.604745952121055
0,BORDER,bowl-nl,0.07,1,98.54123561045705,8.459860063478468,3.032965459895567,3.3163484084636488,0.7885473940709986,-20.044308545550876,0.4675207990802094,-7.4929928338500975,0.6329804414159815,-10.202298290168875
0,BORDER,bowl-nl,0.07,2,100.13995365251513,10.078122490580977,2.538177730145571,2.258581174057729,0.8402178089546536,-26.50765800616745,0.5480191095068356,-9.189171647009424,0.7900289291433831,-19.455160673171843
0,BORDER,bowl-nl,0.07,0,100.50009790101318,9.217852376782027,2.4730646637948936,1.5705717647142396,0.8671054900560349,-31.158261869068504,0.6702065753332034,-10.616190691671873,0.8426020643757643,-26.749292362719906
0,BORDER,bowl-nl,0.07,1,99.17579740231413,9.658715757127196,2.54742035234543,2.75527848093418,0.8222898221493332,-23.855611560952976,0.69594996131075,-12.249076822205543,0.885592223439977,-36.023539334470875
0,BORDER,bowl-nl,0.07,2,99.5325689821533,9.417700222672298,2.718938361176886,3.5314428402719575,0.7919195371144152,-20.219305023793655,0.6034637489519017,-9.652361142654971,0.7504088612988389,-16.53618248706544
0,BORDER,bowl-nl,0.07,0,99.97641885133757,9.995389015549915,2.365401739145758,2.8101299019034855,0.8274459077487417,-24.497034288541077,0.659315527465798,-11.18897411592133,0.697777697983605,-12.813817707667909
0,BORDER,bowl-nl,0.07,1,98.69036780492458,9.28452435330877,2.618443543549464,3.174335248152063,0.805624154929993,-21.72718327997041,0.5339447515327294,-8.6910792921495,0.595681229868037,-9.547802934024
0,BORDER,bowl-nl,0.07,2,101.83220310304324,10.421985918836253,1.953991185706376,2.1300240206574674,0.865966343845332,-31.624184391001535,-0.8876416909907272,-1.7593545218664015,0.7444203439740311,-15.225311752469317
0,BORDER,bowl-nl,0.07,0,100.18233859283662,10.472423932573061,2.449051772245063,2.1766067935837112,0.8453127979216211,-27.379775163480055,0.719847846251442,-13.7094171794759,0.7793800620777435,-18.75646863979702
0,BORDER,bowl-nl,0.07,1,100.9270571922552,9.228304657181752,3.567918638197695,2.3382025740568246,0.8067763939320054,-21.49615225643467,0.5480965020465517,-8.741965376895688,0.6851272715584895,-12.89324783965188
0,BORDER,bowl-nl,0.07,2,100.7988304469388,10.465870152760301,1.6701560553808827,2.0226190917779014,0.8773612045326683,-34.43809402982672,0.5712931736718978,-9.759159664737195,0.7806633916953064,-18.9307917982519
0,BORDER,bowl-nl,0.07,0,100.66271029711558,9.597866631403962,2.0643769443705766,3.0208098394477596,0.8324758519604296,-24.889147353218302,0.5784122504798032,-8.961318979981737,0.5793547148969005,-8.967355724631762
0,BORDER,bowl-nl,0.07,1,99.74321577574874,10.165651708730707,3.5645781735642594,2.7987445705106713,0.7868889556101066,-19.765490921368652,-0.31153036167551806,-2.588024802260833,0.6561797235914787,-11.508411228448551
0,BORDER,bowl-nl,0.07,2,99.76402148374629,9.928563643831023,3.0384146004605563,2.6058765851985917,0.8115123586596349,-22.443050443115034,-0.8632038816818159,-1.7753149733760725,0.6879342528590953,-12.368444729300727
0,BORDER,bowl-nl,0.07,0,99.71317017187309,10.91879916871286,2.981704873235128,2.8497942793344904,0.8029774043099397,-21.52827014714861,0.5180266197817511,-7.464937594714876,0.5722634713405348,-8.527505020241893
0,BORDER,bowl-nl,0.07,1,99.49471979662582,11.627885134010914,2.884334422432042,2.7753310247386795,0.8067644475107478,-21.951726677729877,-0.3479060208728615,-2.5123163319076327,0.5473932773266257,-8.311404257874056
0,BORDER,bowl-nl,0.07,2,99.4309283099025,10.593250822664123,3.5035243627033,3.3980893124682043,0.7669362638561912,-18.201654896649174,-1.5583422580925732,-1.291246852429406,0.5428657265552053,-8.63580477406351
0,BORDER,bowl-nl,0.07,0,100.0728200844895,11.97680789109731,2.7728650609987286,3.16883173566486,0.7976629140617585,-20.921774235528712,0.48881762240319215,-7.201176237088055,0.7533061126205868,-17.06576954113885
0,BORDER,bowl-nl,0.07,1,101.63189196920425,9.611909479908084,3.215643753731842,3.4600606944110885,0.7823612567329237,-19.48090601381676,-0.3453543726504651,-2.5068339716953827,0.66784011321173,-12.693618351530823
0,BORDER,bowl-nl,0.07,2,99.21582584876339,9.646095323623491,2.4272649332618568,4.1597554484661625,0.7793779100447595,-18.597834980904008,-0.9077193309375404,-1.7585286424667594,0.6691630311594825,-12.479950596121132
0,BORDER,bowl-nl,0.07,0,99.78722269389266,10.799351367802194,3.748386038481688,4.410400778133998,0.7249472306157885,-15.374295979103936,0.4199930929777258,-6.703219821530389,0.4460626521961366,-7.010084260519897
0,BORDER,bowl-nl,0.07,1,100.0947414626846,9.839580580881586,2.0799426495547646,3.2972521017648053,0.8212669048910741,-23.151458462131558,-0.294384829097049,-2.5805074879642516,0.5948526235916458,-9.186206623838427
0,BORDER,bowl-nl,0.07,2,100.17198546324319,7.904469850247082,2.5088787832686137,1.5343906963547886,0.8685365227590273,-31.37402280674024,-0.8175689364864274,-1.7925131929916902,0.6117354730636406,-9.262790640323011
0,BORDER,bowl-nl,0.07,0,100.8209073267256,10.411513180785015,2.9624039317814326,1.7795334644619432,0.8426511722247961,-26.161614668682144,0.6015611765518707,-8.80276974315627,0.6217387225375566,-9.213996357762106
0,BORDER,bowl-nl,0.07,1,99.84665409644856,9.472156721145202,2.374007775066582,3.068202360076348,0.8193447169323858,-23.295972174441395,-0.32570233429182505,-2.552478370752277,0.5318900595152283,-8.120401364278095
0,BORDER,bowl-nl,0.07,2,98.84977400002559,10.22790730152111,2.745572118173301,3.3869003801113644,0.7924054391965943,-20.32629775538081,-0.9141073019989159,-1.7429338298354318,0.5346467088916353,-8.090862350332042
0,BORDER,bowl-nl,0.07,0,100.26467726764352,10.485499165955062,2.236400617545018,2.5843098130926165,0.8389144164860547,-26.26948201540272,0.5517016868160179,-8.56169626514827,0.5930826952239479,-9.470508952737669
0,BORDER,bowl-nl,0.07,1,99.50612154465655,7.665828238302078,2.965469913906341,1.3383278185492098,0.859414721659286,-28.228324364126628,-0.23133688771394212,-2.6339839569713206,0.6716742191743663,-10.497890067160377
0,BORDER,bowl-nl,0.07,2,99.86062927460026,11.978632616293657,2.9291818166280814,2.728794434847141,0.8068554493541847,-21.952378655434423,-1.588734986975782,-1.262194816307902,0.6075122265895108,-9.46390267584821
0,BORDER,bowl-nl,0.07,0,98.5746269100807,10.39663142926772,3.1011526963326768,2.7429736194622154,0.8011705885149134,-21.298130396010794,0.4919410966348211,-7.138672269977385,0.7336849714326661,-15.0138670664974
0,BORDER,bowl-nl,0.07,1,100.40646498946188,11.446457010311002,5.243051256356816,2.2213248273549464,0.7482787068051584,-15.622926347386068,-0.33674212130624226,-2.483045431145251,0.721113260264271,-13.356220764038353
0,BORDER,bowl-nl,0.07,2,99.45005427869341,9.221523164835421,2.7832423599200413,2.480465804516293,0.8249874590845059,-24.201918134993836,-0.8618412783872682,-1.7624402406468735,0.7841573602234458,-18.605437462072587
0,BORDER,bowl-nl,0.07,0,98.0159042454711,10.487365779416638,3.3001868296958463,2.447788080305944,0.8029908298229731,-21.302283389197452,0.546596108583451,-8.232928298587655,0.5949707626234382,-9.169069785680353
0,BORDER,bowl-nl,0.07,1,99.65675693493392,9.886102832460352,2.8271827989447345,1.9023328716693066,0.8419467123894872,-26.34413845848779,-0.29872196128692385,-2.5633560918781657,0.6017530408480636,-9.209073243681715
0,BORDER,bowl-nl,0.07,2,99.64762818696605,10.236228205731482,3.0151266387571223,2.7727931870981077,0.8057992662992643,-21.827553456793996,-0.9262197134068622,-1.7438555714356816,0.6331928002737217,-10.709342798445014
0,BORDER,bowl-nl,0.07,0,99.71154367624368,9.613540052339678,2.9135583334936674,3.0467402536546175,0.8015394898638925,-21.37242276877272,0.6118941453803259,-9.91806003646653,0.62986324574063,-10.484141017339457
0,BORDER,bowl-nl,0.07,1,100.01949744639565,10.2210211408725,2.3596406561961354,3.5893513668153636,0.8012552461545854,-20.905228862235738,-0.3353946085948367,-2.548525798215508,0.5627016969867001,-8.905382532681397
0,BORDER,bowl-nl,0.07,2,98.69649084596824,10.844679372559032,2.3643722759907937,2.786843982251708,0.8240941363012761,-24.0381051491603,-1.5033563197587552,-1.3036667499502892,0.6936865915661805,-13.147908062500468
0,BORDER,bowl-nl,0.07,0,98.00065097179329,10.027691552586854,2.4311194495992785,2.6864974942433406,0.8254821602809921,-24.280429208697228,0.42583134930300925,-6.313931463454527,0.7257621183508572,-14.731615560812616
0,BORDER,bowl-nl,0.07,1,101.40814633584903,9.415456128829707,1.6631734388799044,2.7120718993822175,0.8573176196364259,-28.915540283619723,-0.3328065928400521,-2.50841362255852,0.7503564924867101,-16.59682318488621
0,BORDER,bowl-nl,0.07,2,99.60167231809562,10.301973148101462,3.269349954235963,1.9455671099764023,0.8248062273663971,-23.472400377363897,-0.9051405674248214,-1.741367078215622,0.7361172031010401,-15.035030855460436
0,BORDER,bowl-nl,0.07,0,98.35939876120753,10.156257167972282,2.6670763142458496,3.3811568109675276,0.7942851122092941,-20.481632828994435,0.4631525033132077,-7.294519905804763,0.6630193303329104,-12.536722263952937
0,BORDER,bowl-nl,0.07,1,101.0821764572143,10.424279435622546,2.007832367809407,2.379248323159019,0.8548251999517406,-29.120186809316124,-0.32122092996713025,-2.547823526581198,0.7162508702806202,-14.454260577350729
0,BORDER,bowl-nl,0.07,2,101.63349070997133,10.668596080389126,3.0880676035309373,2.4645018535807965,0.8168776159290132,-23.023605242574238,-0.8874672555494896,-1.7500845992821525,0.6824299493198747,-11.914812687550185
0,BORDER,bowl-nl,0.07,0,101.69832238207631,9.978036984279724,2.0083028992386156,3.89856774275012,0.8067972439345255,-20.91471347169029,0.5612085301150405,-8.77110536954602,0.6059540462703104,-9.961727302396687
0,BORDER,bowl-nl,0.07,1,100.18501580484472,10.023762208874619,1.9539971682511221,2.195588042610636,0.8619278777070853,-30.6757683175298,-0.28970430655721024,-2.5590370913033333,0.6024326636389101,-8.814545999377225
0,BORDER,bowl-nl,0.07,2,99.57422235972035,9.776911359992212,3.334982732128458,2.8299951703551374,0.7940368870565981,-20.530271597185887,-0.9132256637844021,-1.7361581061605966,0.5817974148012035,-8.656029076455674
0,BORDER,bowl-nl,0.07,0,100.2464619651801,9.339598345149707,3.9210322089870027,2.9678048951516307,0.7726628057613216,-18.48618683428071,0.5975723982008784,-9.907487759240476,0.7536783416490536,-17.110055478330384
0,BORDER,bowl-nl,0.07,1,97.92549848369512,8.763500333057795,2.654068357487773,2.3414279457389617,0.8319184269024473,-25.19226897165824,0.6143347499899051,-10.920993602615974,0.78635896870456,-19.67149203293691
0,BORDER,bowl-nl,0.07,2,99.23445242300764,9.658044213313795,2.401829521462556,2.6386486370007707,0.8311895422286696,-25.104876687771068,0.5604847950622434,-9.648543255758248,0.7557425684762007,-16.419585551320672
0,BORDER,bowl-nl,0.07,0,101.0060758962172,10.118869769725567,3.760101024308432,3.2056696671043556,0.7700742165497454,-18.39404545689126,0.6627366797483032,-11.207167079699543,0.779105237671696,-19.20329891977885
0,BORDER,bowl-nl,0.07,1,99.54774030782536,9.936714124464322,2.550600706277412,2.8150853761896877,0.8203674376581328,-23.589798301575442,-0.7836862187352518,-1.7699474175227883,0.8097001088450956,-22.203568117178598
0,BORDER,bowl-nl,0.07,2,100.59230529068174,9.639303892597546,2.400176116886804,2.082669233962572,0.8521375232721962,-28.62145351532032,-1.952369069808182,-1.0540301211467276,0.8253632840576446,-24.293607446509437
0,BORDER,bowl-nl,0.07,0,101.06349334275697,11.427179360813838,2.670358954705648,1.8937591331778345,0.8472454560502263,-27.38069862131069,0.48846233213507806,-6.654904061648408,0.6682223326655532,-10.828469313344797
0,BORDER,bowl-nl,0.07,1,101.27531780251041,9.039625893464024,2.4650128773632547,2.5522064211206192,0.83681308630184,-25.994732328083987,-0.31453357234004553,-2.5431538429399057,0.6663307696921281,-11.476583196907942
0,BORDER,bowl-nl,0.07,2,100.30409931936887,10.905493716760656,1.8639910416205825,2.9052703289716812,0.8399551758628396,-25.89897994390383,-0.9673787252544739,-1.708470294671589,0.7086707248312725,-13.47800370653853
