batch,plaid_plate,error_type,error,Zfactor_expected,SSMD_expected,Zfactor_plaid,SSMD_plaid,Zfactor_rand,SSMD_rand,Zfactor_border,SSMD_border
0,plate_layout_10-10_02.npy,bowl-nl,0.1,0.034796568129505046,-3.4889729673456213,0.09999747735799436,-3.684138924309886,0.14376412941613026,-3.928195043429624,0.3735534060660224,-5.558886017834578
0,plate_layout_10-10_03.npy,bowl-nl,0.1,0.07502028691935148,-3.733510655955738,0.048377830912114894,-3.61368521205713,-0.03729708915807639,-3.1829810495339284,0.33714351405223286,-5.528813734325632
0,plate_layout_10-10_06.npy,bowl-nl,0.1,0.05123665624381801,-3.5932157475330153,0.18348996464644785,-4.103373454155477,0.3896243356462846,-6.121568962438127,0.3654464806516581,-5.929736455868109
0,plate_layout_10-10_09.npy,bowl-nl,0.1,0.09857726610776019,-3.773794279443634,0.10217828823835484,-3.794084989568247,0.34816747488567945,-5.642461294762617,0.3967026337707882,-5.681589811392853
0,plate_layout_10-10_11.npy,bowl-nl,0.1,0.023246380171125902,-3.4928315460264083,0.293772397604103,-4.823889465413558,0.001880065689362831,-3.376617248888443,0.2708599104633991,-4.617529560954492
0,plate_layout_10-10_15.npy,bowl-nl,0.1,0.04455877295362354,-3.5448881820416243,-0.15439322970781655,-2.835063520460133,0.05678269357060728,-3.5255997011866596,0.31946764344688017,-5.158899549703851
0,plate_layout_10-10_19.npy,bowl-nl,0.1,0.030933436177286278,-3.4834984727000187,0.29465548310746337,-4.6246898010106925,0.3336391961242453,-5.596145279566108,0.39731547585742055,-5.827916292381457
0,plate_layout_10-10_20.npy,bowl-nl,0.1,0.04338736960891898,-3.61291436991946,-0.07208947915184605,-3.092166699456501,0.11064411467095991,-3.827305791224617,0.12964432323433928,-4.196890886705221
0,plate_layout_10-10_26.npy,bowl-nl,0.1,0.014135732018380587,-3.4181014477478957,-0.14088085253242322,-2.9986968178892637,-0.06695533835002543,-3.1249411658049406,0.2925386191324859,-4.713266496222257
0,plate_layout_10-10_27.npy,bowl-nl,0.1,0.057005671286970316,-3.5849605031311595,0.19189472972581478,-4.159217697863029,0.04058427187904834,-3.3500906466621907,0.2979688981756906,-5.394905562047887
0,plate_layout_10-10_28.npy,bowl-nl,0.1,0.01270498818183008,-3.4580432751953554,0.12243603340172615,-3.8612921650512364,0.18435329391287603,-4.003621072223949,0.25601844649668026,-4.728771487364099
0,plate_layout_10-10_30.npy,bowl-nl,0.1,0.04043655917888689,-3.5365733860481456,0.2754795840701194,-4.725221760862,0.2049541287514537,-4.318736323394271,0.5735744781844181,-8.443492013792836
0,plate_layout_10-10_34.npy,bowl-nl,0.1,0.04468267469291909,-3.55989241652867,0.08708563412207793,-3.6330586968487295,0.10871264436485151,-3.8475397489095435,0.3311186404548825,-5.276971589205546
0,plate_layout_10-10_35.npy,bowl-nl,0.1,0.032261786766093925,-3.4835660418381735,0.1844959454867442,-4.212045273657589,0.11645151595990844,-3.6469822561955687,0.2141592742100471,-4.555950217013703
0,plate_layout_10-10_37.npy,bowl-nl,0.1,0.027936185436344574,-3.4913885089734555,0.054962080105405375,-3.56422383680729,0.25905014185572317,-4.552206453465291,0.2577212315105898,-4.682762522092388
0,plate_layout_10-10_38.npy,bowl-nl,0.1,0.059129017121581584,-3.6072435578312287,0.24958712399414695,-4.461575785215928,0.25792340371314415,-4.866472517504685,0.3479399396293552,-5.425856003138833
0,plate_layout_10-10_39.npy,bowl-nl,0.1,0.023878010576964703,-3.473176166254344,0.1708367053536627,-4.232163079453919,0.17719673401737734,-3.9369330073729842,0.5225796933122155,-8.074900386306627
0,plate_layout_10-10_25.npy,bowl-nl,0.1,-0.009083251835378503,-3.3722715736803277,0.16702443139692624,-4.536869934125714,0.11895503009199593,-3.9072346287306345,0.3104813584760263,-5.349260719012953
0,plate_layout_10-10_17.npy,bowl-nl,0.1,0.019164159449788776,-3.453000657307393,0.465887591439928,-6.17860963426646,0.03095698204021402,-3.4435458026692753,0.42546934695034067,-5.663389205699796
0,plate_layout_10-10_33.npy,bowl-nl,0.1,0.045578495189067536,-3.5560928738150293,0.1605463628013567,-4.033020715024157,-0.14719984110685402,-2.8084282843204385,0.44011657509264046,-6.478154969093997
0,plate_layout_10-10_05.npy,bowl-nl,0.1,0.07776292804085483,-3.678881310268838,0.23950633586943804,-4.567785837732694,0.08120877500941925,-3.5265438898352586,0.36607722388394026,-5.455681402482751
0,plate_layout_10-10_31.npy,bowl-nl,0.1,0.011770266792138218,-3.3684988638737834,-0.035719327175941507,-3.1802495659946746,0.12696341829108693,-3.8802037883509124,0.608615614920768,-8.804976604052202
0,plate_layout_10-10_18.npy,bowl-nl,0.1,0.033285550820331244,-3.5350102546455444,0.08238367711415817,-3.701994783535603,0.2737340546997883,-4.713429573163903,0.2577781776100597,-5.047567780263689
0,plate_layout_10-10_04.npy,bowl-nl,0.1,0.051943314153920506,-3.598797295101236,-0.1775900937820487,-2.807298161444884,0.6233715554168736,-9.784465501538977,0.4890858383597576,-6.683300701133543
0,plate_layout_10-10_21.npy,bowl-nl,0.1,0.022362422931887282,-3.450308216034154,0.0024023694450819866,-3.318464995919399,0.18258025142519074,-4.093295548626826,0.20202843175241825,-4.298513077597994
0,plate_layout_10-10_14.npy,bowl-nl,0.1,0.03845083051791298,-3.527414965460282,0.10730391621037605,-4.034084785341761,0.046905452663902336,-3.364794899016403,0.23548283778151635,-4.66782991338905
0,plate_layout_10-10_13.npy,bowl-nl,0.1,0.0214311987583774,-3.4620819861879726,0.17912427357096317,-4.003332421706042,0.16114006315892704,-4.111347609642666,0.3286169895042562,-5.291779470796534
0,plate_layout_10-10_08.npy,bowl-nl,0.1,0.015219482969412446,-3.4456494051644846,0.09771565482252531,-3.719666653954781,0.01775161553210236,-3.282100506968402,0.22845686144467026,-4.501361106821327
0,plate_layout_10-10_29.npy,bowl-nl,0.1,0.025186341132727552,-3.4668018783017738,0.12853896477816917,-3.7813743105155737,0.12967072950707081,-3.6842498835685733,0.27837847129607973,-5.157152576006424
0,plate_layout_10-10_32.npy,bowl-nl,0.1,0.030764237214560453,-3.468081360336345,-0.0287519813796826,-3.1335961171803732,0.020306250409315107,-3.4022231140406354,0.5268159563128931,-7.237964016420305
0,plate_layout_10-10_22.npy,bowl-nl,0.1,0.01711478441838965,-3.442314249299874,0.04447588677978853,-3.5310569405929746,0.23629514140946872,-4.454070488937774,0.3090781337480968,-5.162978935912335
0,plate_layout_10-10_16.npy,bowl-nl,0.1,0.0787652746776153,-3.743434945829223,-0.12427553169625938,-3.025404046293619,0.18681267255818945,-4.486304397284579,0.28121077718756515,-4.972068890238935
0,plate_layout_10-10_23.npy,bowl-nl,0.1,0.031006712715807794,-3.4679596862866546,0.15196427007140767,-4.040085426536698,0.02216271233521161,-3.4980005865003485,0.3649853775988803,-5.478291166452283
0,plate_layout_10-10_10.npy,bowl-nl,0.1,0.08212686446810613,-3.691862381269563,0.10804237560046481,-3.6771903929724603,0.07948648344020126,-3.608459850497578,0.3813750602670606,-5.873034826061686
0,plate_layout_10-10_01.npy,bowl-nl,0.1,0.046108531828855326,-3.560713514482482,0.15072777300437312,-3.998953352633189,0.2838971781396411,-4.642470460740563,0.2799461066676213,-4.861340328205859
0,plate_layout_10-10_24.npy,bowl-nl,0.1,0.01789745069843318,-3.453430141912021,0.03439294971322371,-3.740387484654739,0.07304713324959922,-3.646578604820955,0.25393037693854525,-4.5805109295824264
0,plate_layout_10-10_36.npy,bowl-nl,0.1,0.043350161172556634,-3.5596869536558455,0.0031948568476030115,-3.33035758384011,-0.048267311604076824,-3.230061626689287,0.5848960905199174,-8.988130000821197
0,plate_layout_10-10_12.npy,bowl-nl,0.1,0.019944087418478973,-3.424253771360195,0.09461945251035064,-4.105062069242261,0.2460378271275534,-4.504613035871918,0.2979359192298747,-5.160957368287156
0,plate_layout_10-10_07.npy,bowl-nl,0.1,0.0445275993829668,-3.6177887427998634,-0.10800538772342416,-3.438075880880196,-0.011367590835761332,-3.6287183383023427,0.16331921921517023,-4.44016313640941
0,plate_layout_10-10_40.npy,bowl-nl,0.1,0.047928755507840926,-3.5808595786316024,0.05339819917600086,-3.4742900463256556,0.37437916615895495,-5.500141280123749,0.3144617700107708,-4.9828030260785425
1,plate_layout_10-10_02.npy,bowl-nl,0.1,0.05556536960465808,-3.578636750933237,0.10472515879043731,-3.7880011263486564,0.04848148348213499,-3.584753723753954,0.3837936741954453,-5.542839615124157
1,plate_layout_10-10_03.npy,bowl-nl,0.1,0.005798213129880159,-3.441687589513171,0.04456451365401437,-3.558701174261561,0.21458610772114473,-4.1051053135491875,0.21837016888997351,-4.423066105768606
1,plate_layout_10-10_06.npy,bowl-nl,0.1,0.02741949503768948,-3.4940428628417295,0.2155958858797522,-4.4516382546389215,0.0348955323404766,-3.524286966132556,0.38889271223700106,-5.823194105736613
1,plate_layout_10-10_09.npy,bowl-nl,0.1,0.07052617709965636,-3.6863199315552904,0.03091711710827527,-3.425739159176632,0.10472666656185992,-3.721895907124414,0.3906017799624717,-6.085266958189926
1,plate_layout_10-10_11.npy,bowl-nl,0.1,0.09214005594476038,-3.7061779646029853,0.25067037034251505,-4.45224801595563,0.11059360868763113,-3.734419961419012,0.27595329357940424,-4.7204837975230225
1,plate_layout_10-10_15.npy,bowl-nl,0.1,0.011972589401055389,-3.426576698531555,-0.2337965573408045,-2.6962093236232945,0.3123365082508789,-4.96059250314749,0.3865932919412548,-5.733399237296333
1,plate_layout_10-10_19.npy,bowl-nl,0.1,0.11064235900771324,-3.8272226717876547,0.2030338186475945,-4.122662709774308,0.11609582462847234,-3.76854650706048,0.3587333254871743,-5.4964179112232125
1,plate_layout_10-10_20.npy,bowl-nl,0.1,0.04899808725728538,-3.582258410337217,-0.05571074902163775,-3.39815769035714,0.03889584170775118,-3.4966880757084406,0.3290039347460736,-5.045812912541468
1,plate_layout_10-10_26.npy,bowl-nl,0.1,0.046457128052469376,-3.585097852180607,-0.21740295599429316,-2.8223852870648782,-0.09356541769956173,-3.1077031213233868,0.19158930645759642,-4.206462461025606
1,plate_layout_10-10_27.npy,bowl-nl,0.1,0.010344246460549322,-3.4634898126727087,0.22032154947581617,-4.148593487242137,0.30556528515618053,-5.428608064101285,0.2901123011139196,-5.162083521458306
1,plate_layout_10-10_28.npy,bowl-nl,0.1,0.07553442297496071,-3.66673694125755,0.09775419596462587,-3.822949848051602,0.2854553392101281,-4.9833513081207315,0.35871941593471524,-5.328553023530964
1,plate_layout_10-10_30.npy,bowl-nl,0.1,0.0362569878691027,-3.542030528063382,0.26672112964923633,-4.861573392169974,0.24405809293888803,-4.365654003463021,0.378271179672929,-5.819014039040864
1,plate_layout_10-10_34.npy,bowl-nl,0.1,0.06762045189563481,-3.6767071514647665,0.10566417348407686,-3.6504541551659377,0.27646138873900183,-4.718877659943815,0.33653117610489147,-5.329494456328455
1,plate_layout_10-10_35.npy,bowl-nl,0.1,0.009018920504964889,-3.4630260487338895,0.24872444950770523,-4.403709576507229,0.11396556832810922,-4.0816544661003356,0.1747162846951168,-4.4150127437168125
1,plate_layout_10-10_37.npy,bowl-nl,0.1,0.03997620093839338,-3.4852388376184202,0.04840060054390494,-3.426356575072891,0.05266805037344624,-3.45047505549798,0.18809212114074392,-4.165337232370695
1,plate_layout_10-10_38.npy,bowl-nl,0.1,0.10620111509527663,-3.857854538571628,0.27776350309476316,-4.6019907113861995,-0.01315941893783723,-3.2509292745458014,0.3075111437470006,-5.231509343762289
1,plate_layout_10-10_39.npy,bowl-nl,0.1,0.06662524519145041,-3.6506338798030735,0.28004497234025816,-4.630818116972386,0.3346332861269523,-5.236561468909566,0.3353114975658539,-5.741504073441639
1,plate_layout_10-10_25.npy,bowl-nl,0.1,0.007149956175432459,-3.4274253326572333,0.35328980661947984,-5.348826200307293,-0.17928241909399878,-2.914913019480492,0.23657859415502158,-4.549449181289411
1,plate_layout_10-10_17.npy,bowl-nl,0.1,0.044094655201251,-3.563044153962419,0.4010419193212018,-5.761355786675804,0.020927762969750074,-3.356020861626706,0.2845217404106396,-4.772095201734656
1,plate_layout_10-10_33.npy,bowl-nl,0.1,0.016095929468504577,-3.4172561746222505,0.07198828035125582,-3.653452620180408,0.036314806126187094,-3.6511042107163627,0.5650583412101808,-8.525849218850272
1,plate_layout_10-10_05.npy,bowl-nl,0.1,0.053142742921706065,-3.546924023932006,0.2660146716689231,-4.616371599381332,-0.08043518837226094,-3.3258985308871414,0.34187886529417943,-4.954442003428073
1,plate_layout_10-10_31.npy,bowl-nl,0.1,0.03707383243244722,-3.5481829094787605,-0.018397206912612152,-3.210200650924628,-0.017699473432593926,-3.208149764904945,0.5024094360606566,-7.570933983897236
1,plate_layout_10-10_18.npy,bowl-nl,0.1,0.01818754833002112,-3.4448581737877997,0.13669720602588953,-3.79349586202031,0.31102444620959535,-5.299723988634766,0.3827880736487561,-5.6100647346936015
1,plate_layout_10-10_04.npy,bowl-nl,0.1,0.012758789590448849,-3.4661880110867123,-0.16639015662480494,-2.865447604826138,0.014953270515792094,-3.2849703187513035,0.4751597116123626,-7.07875007905009
1,plate_layout_10-10_21.npy,bowl-nl,0.1,0.0651365042931783,-3.665476708530081,0.018285021827616932,-3.448070680589016,0.16419217932490127,-3.8933796467816872,0.3553302211666861,-6.012356280239369
1,plate_layout_10-10_14.npy,bowl-nl,0.1,0.08761676360825743,-3.740077942318567,0.16950916281608186,-4.160223424477473,0.29566043630770356,-4.906471836232431,0.3255033265700251,-5.414677803566224
1,plate_layout_10-10_13.npy,bowl-nl,0.1,0.08743361049367049,-3.719936939104448,0.19213744585226633,-4.222278414904138,-0.07843341960534733,-3.0640832742279844,0.37003176172902685,-5.399305082689602
1,plate_layout_10-10_08.npy,bowl-nl,0.1,0.06052794498747949,-3.633377536171091,0.07003976659186273,-3.629625479386344,-0.14404256165306917,-2.9095979100102434,0.3671578764527653,-5.497101663852195
1,plate_layout_10-10_29.npy,bowl-nl,0.1,-0.020612179298602706,-3.338387958843372,0.12995088902005925,-3.9674768882582954,0.15795547468355797,-4.088629067903921,0.25170313319411275,-4.682833801111496
1,plate_layout_10-10_32.npy,bowl-nl,0.1,0.013366426470803106,-3.4372170414405376,-0.014413682033430852,-3.152145244185007,-0.11681993468511265,-3.0917846236882722,0.31904962688396654,-5.155476486066188
1,plate_layout_10-10_22.npy,bowl-nl,0.1,-0.009895859930093787,-3.316930644036021,0.06454337814018796,-3.522095811121016,-0.15286486595683257,-2.745343260126545,0.41636380531593986,-5.810698342102209
1,plate_layout_10-10_16.npy,bowl-nl,0.1,0.028386625383582165,-3.5117937179040366,-0.025956768813051312,-3.2278560494709203,0.13607691970632896,-4.1246933524647496,0.31814363625278275,-5.305190754949535
1,plate_layout_10-10_23.npy,bowl-nl,0.1,0.04141443891089369,-3.591001884585423,0.007794842311784844,-3.6275343654692325,0.0069831645243273455,-3.554614811555028,0.4991615067114267,-7.678002934473006
1,plate_layout_10-10_10.npy,bowl-nl,0.1,0.03225859102012907,-3.504917357338376,0.038553207223002484,-3.458067472650086,-0.1331361634787087,-2.9757799033741987,0.35840285069043376,-5.346125594397638
1,plate_layout_10-10_01.npy,bowl-nl,0.1,0.08620979187145639,-3.727798874588705,0.21289602515121175,-4.288327976078293,0.19066662624316044,-4.189587984064575,0.26159576170352317,-4.673676016801798
1,plate_layout_10-10_24.npy,bowl-nl,0.1,0.0753860504509537,-3.693604120555969,-0.076882766717842,-3.4052410167982576,0.3149860127566224,-5.107166274638657,0.29797401901650467,-4.716130899464334
1,plate_layout_10-10_36.npy,bowl-nl,0.1,0.0213014742434825,-3.444128155603548,-0.05441158459272866,-3.416638080143298,0.19484290629940304,-4.512421035578332,0.32072338328294536,-5.282993802435467
1,plate_layout_10-10_12.npy,bowl-nl,0.1,-0.00227234755855954,-3.3569607061061992,0.1019837162676589,-3.875536654705907,0.015318633546973937,-3.2472189343719102,0.2819363832277849,-4.814264506891449
1,plate_layout_10-10_07.npy,bowl-nl,0.1,0.11027930148264442,-3.859815863820886,0.1466562188850289,-3.8218344172158094,-0.12835396531213528,-3.027872415069444,0.46231024909901997,-6.776450638032027
1,plate_layout_10-10_40.npy,bowl-nl,0.1,-0.02118570272090281,-3.3726309363039295,0.0652029936993197,-3.619621402596798,0.28269047876730724,-4.845644327314927,0.14909733842831652,-4.307893504754643
2,plate_layout_10-10_02.npy,bowl-nl,0.1,0.05025942092788993,-3.577592577680961,0.15364280805996633,-3.935110223218857,0.14196946614886918,-4.10251294306942,0.31171837151250525,-5.354718393007557
2,plate_layout_10-10_03.npy,bowl-nl,0.1,0.04928316130827304,-3.577600060808634,0.05818891391170267,-3.6902146752498317,0.2048146710595069,-4.710613544916899,0.34384605944878177,-5.273056116776592
2,plate_layout_10-10_06.npy,bowl-nl,0.1,0.03740400538721722,-3.528520148213873,0.26207497514526235,-4.4760750587056695,0.09665071165110184,-3.7865441762577707,0.36682545794294796,-5.668967595070202
2,plate_layout_10-10_09.npy,bowl-nl,0.1,0.05096421780766025,-3.56030940165004,0.17585754342185755,-4.047544380319308,0.30135452159612486,-5.048035044037833,0.3607277279955643,-5.494772665700298
2,plate_layout_10-10_11.npy,bowl-nl,0.1,0.10140530466514719,-3.7915998382616367,0.18936802659959295,-4.229043765478646,0.06107039984093132,-3.685271528967657,0.3557619424528011,-5.283767799485097
2,plate_layout_10-10_15.npy,bowl-nl,0.1,0.027163489703486476,-3.5312995010761163,-0.24865220160126045,-2.6473200500369063,0.1559691161950968,-4.1384412710256795,0.21860334573526885,-4.658620285142155
2,plate_layout_10-10_19.npy,bowl-nl,0.1,0.09223830034118441,-3.779594531315581,0.24184774900961326,-4.520260252723268,-0.027146153309229426,-3.370098264007815,0.45155999398397084,-6.924753806871418
2,plate_layout_10-10_20.npy,bowl-nl,0.1,0.04181011869647089,-3.53664259088792,-0.06941108245508465,-3.335763723103695,0.2673048578522139,-4.914710522452364,0.3452882987879199,-5.419469930761906
2,plate_layout_10-10_26.npy,bowl-nl,0.1,0.04136745528521224,-3.556575246498544,-0.10852864473537038,-2.8951003910314497,0.019601474396636398,-3.251101501421904,0.3399173663280495,-5.453963049504242
2,plate_layout_10-10_27.npy,bowl-nl,0.1,0.040459447253368364,-3.5369220019842476,0.15136941932647163,-3.9666571961215067,0.00974625524585826,-3.530477180135087,0.2311034505510403,-4.637734141163918
2,plate_layout_10-10_28.npy,bowl-nl,0.1,0.028344921846412463,-3.462168893111954,0.03366850199061766,-3.723106506942567,-0.17043574699704456,-2.852598678310141,0.4975555883937305,-6.859161836513168
2,plate_layout_10-10_30.npy,bowl-nl,0.1,0.08117250833582235,-3.6830231187133733,0.25101095413904584,-4.502212216088411,0.09944194772267434,-3.8631672379409494,0.23148530866326744,-4.631121899410478
2,plate_layout_10-10_34.npy,bowl-nl,0.1,0.05685801755748887,-3.6139344973723286,0.10759858173608638,-3.9216192767829248,0.2486969850956564,-4.493360647632907,0.26484789519486196,-4.859644521694761
2,plate_layout_10-10_35.npy,bowl-nl,0.1,0.04418239419779735,-3.5799380130963834,0.23233886918429691,-4.17239654165044,0.47913712200432323,-7.125093305616314,0.3037930571972973,-5.154610123240754
2,plate_layout_10-10_37.npy,bowl-nl,0.1,0.09835591048602499,-3.7902214358697996,0.08490246515563105,-3.6233072325327687,0.00742090600249079,-3.4875371801496446,0.35180722734725267,-5.7239559294526225
2,plate_layout_10-10_38.npy,bowl-nl,0.1,0.0032024949719580142,-3.4222817339222456,0.24591898090686126,-4.442671464813708,0.40341802044556296,-6.1981877988699665,0.3925144475812655,-5.642714872007502
2,plate_layout_10-10_39.npy,bowl-nl,0.1,0.04700046987405315,-3.6085198418863786,0.15076888260776755,-4.275645628017688,0.07820147258637233,-3.9018268566534533,0.31107282004442094,-5.049514598114324
2,plate_layout_10-10_25.npy,bowl-nl,0.1,0.048419840870708164,-3.5251971287309254,0.2048068395243905,-4.545720489799201,0.055274183629864804,-3.428574128148774,0.2677495831925254,-4.65607227781402
2,plate_layout_10-10_17.npy,bowl-nl,0.1,0.005436695378960521,-3.4467477320542335,0.3032704442110089,-5.341300045187996,0.32690273811584325,-5.194335068740224,0.38430795857836164,-5.698287111229414
2,plate_layout_10-10_33.npy,bowl-nl,0.1,0.07854140928108577,-3.6584588711888486,0.04144086407756753,-3.5326633993360184,0.41461675808023557,-6.042088682987963,0.4519100660766511,-6.55630796410986
2,plate_layout_10-10_05.npy,bowl-nl,0.1,0.1000985066259128,-3.836323252089417,0.24032405914725652,-4.4524438181099,0.13184271944553105,-3.8924887006011866,0.6297865913333931,-10.189650579254826
2,plate_layout_10-10_31.npy,bowl-nl,0.1,0.026449893851649198,-3.499336835711336,-0.08056845116731526,-3.1094374384918257,0.20543460704309757,-4.254026997249496,0.31334247346486566,-4.936990150631992
2,plate_layout_10-10_18.npy,bowl-nl,0.1,-0.0410617978441552,-3.2516066242421573,0.05748242055869868,-3.5958653321224374,0.07613300102741571,-3.7563067440724116,0.42886389163745064,-5.974365008142293
2,plate_layout_10-10_04.npy,bowl-nl,0.1,0.003923320525527574,-3.4188022396065167,-0.16453025678678235,-2.8599316487958526,0.011281995343894735,-3.429375398049283,0.24071244542970716,-4.540492444598495
2,plate_layout_10-10_21.npy,bowl-nl,0.1,0.04135967396061413,-3.516449755642987,-0.08420657121333752,-3.1394810682095917,0.13169758719484903,-3.8273928448970604,0.26685296998832164,-4.603296082550867
2,plate_layout_10-10_14.npy,bowl-nl,0.1,0.015284502118665833,-3.447906086812716,0.12054617417104951,-3.9285737278598476,-0.14414313627679465,-2.80769622327391,0.4113775541798447,-5.860262271700159
2,plate_layout_10-10_13.npy,bowl-nl,0.1,0.059764799884166164,-3.6324119331784828,0.13880998604311068,-4.29131851439003,-0.08032181240164782,-3.1712945017294936,0.2618769469538408,-4.700635981303476
2,plate_layout_10-10_08.npy,bowl-nl,0.1,0.053527239675535965,-3.6318431829882454,0.08978464356331506,-3.84515912605924,0.26267547417694614,-5.096489578322038,0.333761171209752,-5.420221034010359
2,plate_layout_10-10_29.npy,bowl-nl,0.1,0.054871721981990085,-3.649430550899555,0.23296930623292966,-4.583375297636098,0.09082651508501571,-3.6568737753837937,0.4312094534804569,-6.623266017074556
2,plate_layout_10-10_32.npy,bowl-nl,0.1,0.012686181734907875,-3.428703556036293,-0.05936044224215098,-3.1125011456251777,0.29817287873955445,-5.244550955109497,0.4221482149266673,-5.967548438833872
2,plate_layout_10-10_22.npy,bowl-nl,0.1,0.008759261508745508,-3.4607983226474714,0.0873336267974606,-3.5987960301196353,0.19534513519258712,-4.286634572396687,0.33374883820626855,-5.318186298367639
2,plate_layout_10-10_16.npy,bowl-nl,0.1,0.016225756756515053,-3.4284920835948753,-0.20001796999042232,-2.809755045346237,-0.025642771780447493,-3.3973384276998484,0.2508934323365727,-4.433984047158346
2,plate_layout_10-10_23.npy,bowl-nl,0.1,0.03134446729072149,-3.5336047894266267,0.18321327678921018,-4.2874858243980905,-0.08494925959313315,-3.208880632212734,0.34070450630151505,-5.5455430663104055
2,plate_layout_10-10_10.npy,bowl-nl,0.1,0.06570443176659613,-3.6854159595347036,0.09092030557852426,-3.61500365262259,-0.023550503926308863,-3.7194889067621766,0.3451429293124726,-5.827386980280545
2,plate_layout_10-10_01.npy,bowl-nl,0.1,0.0431858154177468,-3.566688277417974,0.16633365163794878,-4.226174005042384,0.06981002507134415,-3.7239799866101757,0.29478120119215034,-4.924325876231814
2,plate_layout_10-10_24.npy,bowl-nl,0.1,0.07034232072894098,-3.6371108324142525,0.10914622961515918,-3.767727587954587,0.09942045237413522,-3.841679794071892,0.37704598894741925,-5.621297721519995
2,plate_layout_10-10_36.npy,bowl-nl,0.1,0.01634215157872554,-3.4740134783874836,0.06245637578353602,-3.684713158886606,-0.07721025035907703,-3.087813408805956,0.29493631644094176,-4.910288650022141
2,plate_layout_10-10_12.npy,bowl-nl,0.1,0.06316897626941531,-3.672513971607626,0.22554875201602165,-4.540562113293919,0.1514058047681064,-3.999483824531964,0.3670544436937623,-5.553762581889241
2,plate_layout_10-10_07.npy,bowl-nl,0.1,0.036417277785167235,-3.5084146760066632,0.10972309760714727,-3.837331414694328,0.4448924492719535,-6.798424692101241,0.2162702548754235,-4.259721302254004
2,plate_layout_10-10_40.npy,bowl-nl,0.1,0.07568658921987159,-3.7292913492429935,0.0032198229670249434,-3.541028318749209,0.16475036152604394,-4.148468804653021,0.46520896017076085,-7.040807538249979
3,plate_layout_10-10_02.npy,bowl-nl,0.1,0.06971329845709606,-3.67738634589125,0.06745932253730835,-3.7485880522546786,0.2252407800792543,-4.476795974113218,0.4007084514931203,-6.017771197819666
3,plate_layout_10-10_03.npy,bowl-nl,0.1,0.03601686931093462,-3.5054281282049917,0.16013710556547067,-3.8982364697194365,0.22749908589115608,-4.565390920997067,0.41217392986483514,-5.7302524637689425
3,plate_layout_10-10_06.npy,bowl-nl,0.1,0.049559175325286975,-3.541680369089009,0.25962916917342405,-4.540046325285793,-0.002836733055415097,-3.34195425156093,0.5169869992698459,-7.404522830001875
3,plate_layout_10-10_09.npy,bowl-nl,0.1,0.029564496130155438,-3.4416943455599287,-0.002771613374264792,-3.4186962566956627,0.6039301560115335,-9.165004865910902,0.3226210155752207,-5.116884265879112
3,plate_layout_10-10_11.npy,bowl-nl,0.1,0.03721768352323196,-3.5496130947091458,0.12461180050968879,-4.054792628792121,0.03248571078996709,-3.6239125166711563,0.36962518195417216,-5.606659130060143
3,plate_layout_10-10_15.npy,bowl-nl,0.1,0.04566940742666237,-3.574759590430092,-0.18532620226252483,-2.8133301282503655,0.3975902078642549,-5.688995663843941,0.34727002111131633,-5.541187965677554
3,plate_layout_10-10_19.npy,bowl-nl,0.1,0.06704317307322827,-3.5663315567472367,0.18609082839852054,-4.144653377554208,0.18544870206087316,-4.066704760750498,0.5666956228859679,-7.906154281773325
3,plate_layout_10-10_20.npy,bowl-nl,0.1,0.04735742291574507,-3.5787891139909442,0.011243367484705447,-3.3721386438872254,0.3430054799263129,-5.730481162225409,0.43766136900837604,-6.149747864088856
3,plate_layout_10-10_26.npy,bowl-nl,0.1,-0.030580539335495205,-3.322526495912159,-0.1546464090386479,-2.9009466474948638,0.01987334116146422,-3.370024939608497,0.264098349905172,-4.664460306898095
3,plate_layout_10-10_27.npy,bowl-nl,0.1,0.0331126925511952,-3.564290097224657,0.04909961194883383,-3.754992758845608,0.1728440869604465,-4.002389715282677,0.37900880465684517,-5.995665673763707
3,plate_layout_10-10_28.npy,bowl-nl,0.1,0.059850604427012066,-3.6177024376690636,0.14007843162957767,-4.035105008050734,0.010151371794822062,-3.576493171033965,0.38303157810934096,-5.837210861853415
3,plate_layout_10-10_30.npy,bowl-nl,0.1,0.04452256868504101,-3.567312434564645,0.3111546660133203,-4.859196714038219,0.17689847872841025,-4.174355144556095,0.3840833324281474,-5.568078997834474
3,plate_layout_10-10_34.npy,bowl-nl,0.1,0.045439572635472825,-3.562843261875386,0.17174005282580518,-4.023241758779986,-0.02736064970466101,-3.3185850940605137,0.4400730423209197,-6.822046404831706
3,plate_layout_10-10_35.npy,bowl-nl,0.1,0.009809458345025779,-3.390199432028209,0.22775806684398592,-4.213362222586488,0.1120340076715961,-3.86413685104695,0.3605115084819186,-5.303701923052356
3,plate_layout_10-10_37.npy,bowl-nl,0.1,-0.006619856065924523,-3.353420014925892,-0.024052265738758072,-3.212875501095027,0.04906183150681287,-3.5294496387820287,0.3160700551063578,-5.308717683371819
3,plate_layout_10-10_38.npy,bowl-nl,0.1,0.03331123953698756,-3.4892294582860677,0.30540936818429776,-4.724402786852484,0.11715204712432237,-3.815876666454596,0.3929907496531574,-5.728395250998711
3,plate_layout_10-10_39.npy,bowl-nl,0.1,-0.012953043566608091,-3.3661698243456057,0.21093606623947003,-4.438338316382523,-0.13034030626863324,-3.060478518209139,0.3080810379373431,-4.931785808316404
3,plate_layout_10-10_25.npy,bowl-nl,0.1,0.07647653550067424,-3.7547037591434806,0.3614286461794952,-5.433996602278478,-0.0629939012832752,-3.1810265456007474,0.40895037393165,-6.577194631363945
3,plate_layout_10-10_17.npy,bowl-nl,0.1,0.05206802872697747,-3.6344355045501513,0.3469790703486306,-5.6341586270344,0.050300608894292775,-3.632784538669818,0.44328534819448273,-6.186630759246816
3,plate_layout_10-10_33.npy,bowl-nl,0.1,0.04970919088987824,-3.6197237971431266,0.08300093705498546,-3.5605898958717614,0.062461931193413256,-3.8058920954524824,0.36389472030458647,-5.197361970250857
3,plate_layout_10-10_05.npy,bowl-nl,0.1,0.05458181250326233,-3.5709442897035073,0.29836249632955925,-4.726704710395147,0.11962985978844187,-3.7454940545254534,0.3489389890010246,-5.508714416777049
3,plate_layout_10-10_31.npy,bowl-nl,0.1,0.03319803369250807,-3.4784317415614696,0.00014976461802052032,-3.1938486513436284,0.12714334062482258,-3.8543989717197,0.317858781112488,-5.108900801653713
3,plate_layout_10-10_18.npy,bowl-nl,0.1,0.07533293025939669,-3.6624475226971516,0.008926683779747036,-3.5896424204483757,0.24203160276007463,-4.455440656405701,0.3805272507312867,-5.8740360192555405
3,plate_layout_10-10_04.npy,bowl-nl,0.1,0.05485469576920443,-3.5653869478335776,-0.24037270928035537,-2.7136315562440028,0.26768552974292814,-4.5080720365842994,0.566382548763448,-8.697717228566955
3,plate_layout_10-10_21.npy,bowl-nl,0.1,0.021822134680302807,-3.4764574397393746,-0.05966601696356921,-3.1036850532059437,0.16255755694332408,-4.352713248966223,0.45659905877868345,-6.595745803376003
3,plate_layout_10-10_14.npy,bowl-nl,0.1,0.06158608446378855,-3.6331992937070767,0.1260015856591491,-3.93391664678721,0.0639536153602851,-3.758487182208134,0.3553863376859021,-5.836472048354924
3,plate_layout_10-10_13.npy,bowl-nl,0.1,0.04858913719232805,-3.589912281380214,0.1731296495687471,-4.121946259429468,0.21788174350752232,-4.460539545814547,0.4440715062614782,-6.998052611459666
3,plate_layout_10-10_08.npy,bowl-nl,0.1,0.07228291693178424,-3.6506681354080763,0.09221201422388003,-3.771052208605899,0.02482987551773408,-3.576963757220132,0.20779418183632692,-4.428164684037746
3,plate_layout_10-10_29.npy,bowl-nl,0.1,0.02114546834996267,-3.4452484792542135,0.2088706904662908,-4.301740775471981,-0.04167723907231191,-3.169655416088097,0.28497644013549317,-4.822293560418247
3,plate_layout_10-10_32.npy,bowl-nl,0.1,0.07218714328124765,-3.610398554533065,-0.06775958510613589,-3.136465831688757,-0.11767115023990282,-2.9072376689626553,0.46557051131642224,-6.557597642242303
3,plate_layout_10-10_22.npy,bowl-nl,0.1,0.03514105798521672,-3.482820381069343,-0.018154515122578152,-3.263877925636068,0.10177820515546554,-3.5550084370837287,0.33152095706504736,-4.955184101678219
3,plate_layout_10-10_16.npy,bowl-nl,0.1,0.052985417702711035,-3.5482271769144234,-0.09051764712664268,-3.0570191192929057,-0.07581160602571901,-3.0659948091204607,0.24156079069231962,-4.539360939176885
3,plate_layout_10-10_23.npy,bowl-nl,0.1,0.10656525254062177,-3.8547270014189725,0.01666264332418299,-3.6584180866772544,0.363956691353966,-5.9337368607061896,0.4108136059312659,-6.263006503328426
3,plate_layout_10-10_10.npy,bowl-nl,0.1,0.1123331321419806,-3.79786295881933,0.13183631299676146,-3.771303604363194,0.31641017348440803,-4.980080477137717,0.2911674660096085,-5.205664378111115
3,plate_layout_10-10_01.npy,bowl-nl,0.1,0.043000131422507804,-3.5476430148094247,0.17350058387192202,-4.212768591693572,0.3477117135936413,-5.631196173266915,0.260950780611123,-4.6308268654215965
3,plate_layout_10-10_24.npy,bowl-nl,0.1,0.08720628241870021,-3.6553790139697675,0.06651152934866267,-3.6748878949059995,-0.05721290508737931,-3.1846478833036524,0.29471293334161563,-4.825016746040225
3,plate_layout_10-10_36.npy,bowl-nl,0.1,-0.029779716733902672,-3.2833822784398317,-0.026425765045441807,-3.3457936476195718,0.01663711151282188,-3.4540664822222937,0.3543410447210469,-5.608488100506337
3,plate_layout_10-10_12.npy,bowl-nl,0.1,0.05590098906396701,-3.623805885493281,0.2770639829621667,-4.640653938055041,0.5000536424967104,-7.133130030541373,0.4246350604525283,-6.432461756046179
3,plate_layout_10-10_07.npy,bowl-nl,0.1,0.03095289389202993,-3.4394345710251417,0.11863295738488278,-3.816673379198,0.08746553599527185,-3.5246544877883306,0.33277988956004667,-5.201467149491359
3,plate_layout_10-10_40.npy,bowl-nl,0.1,0.0333773201178128,-3.4364719472742387,0.06419810653564328,-3.532745746369308,0.036737358772743645,-3.4756762649595894,0.2065758510145126,-4.382648532654646
4,plate_layout_10-10_02.npy,bowl-nl,0.1,0.07063574882922363,-3.6780195544609184,-0.04610269207678375,-3.487117669884046,0.20225190926951342,-3.986524459771388,0.5772934765433585,-8.375771317161654
4,plate_layout_10-10_03.npy,bowl-nl,0.1,0.06414505859840303,-3.6303661348265206,0.08352041442951685,-3.683075391907788,0.14573390097124794,-3.741617196722978,0.5501586163881391,-8.037886356404732
4,plate_layout_10-10_06.npy,bowl-nl,0.1,0.04949181191964469,-3.6213974300832796,0.20554878229750662,-4.331315240129762,0.018468313913690193,-3.4571509133300493,0.43665878344944786,-6.889332888666303
4,plate_layout_10-10_09.npy,bowl-nl,0.1,0.038952433167345424,-3.5173268652903715,0.13613209911406932,-3.8429149433684358,0.011707521733551274,-3.265761656980891,0.3074214090765157,-5.214139472213666
4,plate_layout_10-10_11.npy,bowl-nl,0.1,0.10123255233640449,-3.7949156901145846,0.1657615678267147,-4.011934556150861,0.152783031133914,-4.0797700455525545,0.31794922101131484,-5.043596321743953
4,plate_layout_10-10_15.npy,bowl-nl,0.1,0.0459564019975407,-3.5904237841475637,-0.21733113675592386,-2.730958408476065,0.31947633141530396,-5.104266100682144,0.2692432044334334,-4.55813183294848
4,plate_layout_10-10_19.npy,bowl-nl,0.1,0.06224561179699373,-3.6004441277425983,0.24061238570726595,-4.456981945888014,0.06433760303023073,-3.5277271062862767,0.32675231261342563,-5.185293456744419
4,plate_layout_10-10_20.npy,bowl-nl,0.1,0.0340381464041104,-3.5410878471064056,-0.04312216756873344,-3.21936035502652,0.10857877414834982,-3.632546551876579,0.3889677452445962,-6.275335293363485
4,plate_layout_10-10_26.npy,bowl-nl,0.1,0.019243677499463097,-3.3976343772389037,-0.16077873912234542,-2.8606303529344275,0.29485420440719656,-4.855384883431725,0.26345585341129696,-4.579149756928944
4,plate_layout_10-10_27.npy,bowl-nl,0.1,0.05183336566633501,-3.5826785085677453,0.21820557355002046,-4.052901704635308,0.3694206210935138,-5.894862363061859,0.35399358557160865,-5.396307330745846
4,plate_layout_10-10_28.npy,bowl-nl,0.1,0.09954074099712162,-3.7506383297326717,0.13482624983848124,-3.9099694833045633,0.2236296371710712,-4.4530149615106875,0.3118341065156276,-5.009328304491284
4,plate_layout_10-10_30.npy,bowl-nl,0.1,0.04370316601868374,-3.5466726522834846,0.32005112376431977,-4.857556959009993,0.22405354178833037,-4.837530977803411,0.5610769492037346,-8.05031000652938
4,plate_layout_10-10_34.npy,bowl-nl,0.1,0.055568698420540574,-3.5617880870289382,0.11303867703348558,-3.90574734404688,0.43858276257483375,-6.091338976941889,0.4217687758985539,-5.9312385281028615
4,plate_layout_10-10_35.npy,bowl-nl,0.1,0.032156400703832855,-3.5274900118555457,0.172907287203236,-4.252839632215286,0.2174855252094462,-4.520788885394079,0.3486963865785906,-5.240346005298644
4,plate_layout_10-10_37.npy,bowl-nl,0.1,0.046223424131016655,-3.5544429670582827,-0.06454581114367697,-3.164827019115714,-0.07838013613076145,-3.0815962016434733,0.34567132981547033,-5.503555273942781
4,plate_layout_10-10_38.npy,bowl-nl,0.1,0.1433924746102463,-3.9673757282529234,0.21795015077592372,-4.412845723770642,0.3309465570470912,-5.172432919802445,0.37940439367533985,-5.903692393374167
4,plate_layout_10-10_39.npy,bowl-nl,0.1,-0.04412952061189146,-3.268042057809671,0.2134926835259614,-4.402522218775169,-0.10823564499641525,-3.1486074669203012,0.3411750775076384,-5.581896122186488
4,plate_layout_10-10_25.npy,bowl-nl,0.1,0.09031772051351494,-3.790610167523733,0.3419470712963747,-5.203693588036202,0.2452757899145258,-4.422438516255472,0.3934343626205743,-5.470260825287979
4,plate_layout_10-10_17.npy,bowl-nl,0.1,0.06332109359145832,-3.665707499096325,0.3218437976739581,-5.579586787132492,0.062192934085840035,-3.813336190181719,0.44552170751256337,-7.242770082075605
4,plate_layout_10-10_33.npy,bowl-nl,0.1,0.061348505507923146,-3.5980346190973265,0.06705908829426799,-3.6277051695766036,-0.03575158419606561,-3.1873533613860436,0.4237388594090091,-6.160382037966173
4,plate_layout_10-10_05.npy,bowl-nl,0.1,0.019049117993817588,-3.4762295045847775,0.2328189776533508,-4.386139495352703,0.08721936616721782,-3.961237027443506,0.3531265940417426,-5.560146065313042
4,plate_layout_10-10_31.npy,bowl-nl,0.1,0.13630469722880645,-3.930291129496481,-0.024518071114422835,-3.2838667542013367,0.5026624349278869,-7.5599410571044166,0.4049492882375937,-5.864625743183531
4,plate_layout_10-10_18.npy,bowl-nl,0.1,-0.0011186652843497846,-3.375272142563532,0.03859861137186782,-3.5306208182116277,0.08575949369083136,-3.765574767066228,0.38452389549308363,-5.697708168793678
4,plate_layout_10-10_04.npy,bowl-nl,0.1,0.030974724105899742,-3.5439128778844484,-0.18286600235762696,-2.84871877948332,-0.23740463768504605,-2.812911247513062,0.43929025127972443,-6.809179762493645
4,plate_layout_10-10_21.npy,bowl-nl,0.1,0.030103015905465602,-3.4708637931547566,0.01989516442987549,-3.5475453118933364,0.23092856907515935,-4.608542705992866,0.29975842221305493,-4.973119242584344
4,plate_layout_10-10_14.npy,bowl-nl,0.1,0.011959731423268893,-3.460957580179483,0.09146757478064782,-4.024571448681265,0.21063653742282162,-4.4198960343441245,0.341136125715472,-5.5108119843052705
4,plate_layout_10-10_13.npy,bowl-nl,0.1,0.02348042964761432,-3.4435670370934646,0.18546433809524665,-4.218720041840595,0.2022186834852603,-4.301614056163305,0.3745390935489925,-5.500154357197122
4,plate_layout_10-10_08.npy,bowl-nl,0.1,0.03680403483764094,-3.493912786802806,0.13686450396737582,-3.791320498513719,-0.04423340202616233,-3.2269926339613217,0.28894064191211144,-4.566904638683267
4,plate_layout_10-10_29.npy,bowl-nl,0.1,0.022400870386056093,-3.461507688308735,0.1848687528817312,-4.188410896473809,-0.04802758263581475,-3.1501513616467016,0.20037003858387648,-4.5184515931323554
4,plate_layout_10-10_32.npy,bowl-nl,0.1,-0.022149498422069147,-3.2853144777051986,-0.11266251198978261,-3.087004348452034,-0.20838073835435234,-2.6736195844382986,0.24631567528150566,-4.375365361397758
4,plate_layout_10-10_22.npy,bowl-nl,0.1,0.07209463716342512,-3.6654492576339237,0.0719586846103234,-3.571924301373892,0.1404246653995972,-3.8721189404557737,0.30043360115002027,-4.989838254962062
4,plate_layout_10-10_16.npy,bowl-nl,0.1,0.04760496692280902,-3.5879584418339237,-0.14649903621628524,-3.1395709766105706,0.1231957499102575,-3.665065888223591,0.42933309773216877,-6.137660008695212
4,plate_layout_10-10_23.npy,bowl-nl,0.1,0.05591783423757479,-3.582941038206062,0.07118501639732622,-3.7112895790959888,0.022020217080391147,-3.51248113544138,0.42193509270352947,-5.907043230927871
4,plate_layout_10-10_10.npy,bowl-nl,0.1,0.023486899508000425,-3.486150054971988,0.09828114973074487,-3.6227185402936413,0.04060492585161535,-3.3099780806048007,0.18572320491330974,-4.298485369241622
4,plate_layout_10-10_01.npy,bowl-nl,0.1,-0.036068739454654164,-3.263972618260022,0.17103567277995102,-4.254196407883497,0.05027371091874,-4.056135961712401,0.3664108815318754,-5.25147734414858
4,plate_layout_10-10_24.npy,bowl-nl,0.1,0.023312975014618487,-3.4450571833291814,0.03385915444538956,-3.5793884494058554,0.1507770246123643,-3.958470497523249,0.39720161616744787,-5.934358931584633
4,plate_layout_10-10_36.npy,bowl-nl,0.1,0.030871032748610028,-3.4353037835202196,0.07946660325757793,-3.6299511461419023,0.04201061284638219,-3.4005100745214114,0.35605891336695306,-5.3792866671624076
4,plate_layout_10-10_12.npy,bowl-nl,0.1,0.024422018357008524,-3.497147581989233,0.10980472103311611,-4.146199808273142,-0.0016197638481878496,-3.415586616290785,0.26182844975494934,-4.7231037488613214
4,plate_layout_10-10_07.npy,bowl-nl,0.1,0.10944892480385282,-3.8010369024133737,0.040253895211479596,-3.63972010916995,0.38420562008497894,-5.717835846537573,0.28682087078530594,-4.970825669922764
4,plate_layout_10-10_40.npy,bowl-nl,0.1,0.043591990007492254,-3.499927975016004,0.10881514104376278,-3.676155442682368,0.11885412338319601,-4.038607582452528,0.47140463987760595,-6.7840116604383995
5,plate_layout_10-10_02.npy,bowl-nl,0.1,0.036475937963578065,-3.550965889763202,0.030999843557612983,-3.5440450539114208,-0.12937116069981247,-2.9388613817285867,0.25462267545688455,-4.596983516275214
5,plate_layout_10-10_03.npy,bowl-nl,0.1,0.030900161473343513,-3.492454616437469,0.18342853932761471,-4.122781872440708,0.11604932315372285,-3.823962163023895,0.2500166472289752,-4.481401435506447
5,plate_layout_10-10_06.npy,bowl-nl,0.1,0.028325807326570085,-3.5193948898177947,0.2407108168938008,-4.303525470233746,0.1299153409704491,-3.8636046832696067,0.4585682787310863,-6.689513845686827
5,plate_layout_10-10_09.npy,bowl-nl,0.1,0.0046756967144068184,-3.398812951918871,0.039100474967733057,-3.407507365029944,0.08950178968906974,-3.834318191618986,0.4248345040767074,-5.556440641758433
5,plate_layout_10-10_11.npy,bowl-nl,0.1,0.0642871222976783,-3.639992799937084,0.16545039020453667,-4.3569964170983315,0.2097110903135153,-4.233530594981033,0.40017878028288345,-5.920529048699466
5,plate_layout_10-10_15.npy,bowl-nl,0.1,-0.019389706255505734,-3.2778956508408155,-0.23554992534811148,-2.6615185625793836,-0.2197547820863659,-2.679602554369621,0.32187954864352697,-4.877281445423414
5,plate_layout_10-10_19.npy,bowl-nl,0.1,0.05891329730675077,-3.6004622529682337,0.19942478983011935,-4.341090884250658,0.34013012103394935,-5.263810912393751,0.49391787044525537,-6.693753129150075
5,plate_layout_10-10_20.npy,bowl-nl,0.1,0.044401048562915824,-3.5468774190942827,0.01127427137954129,-3.4043083494963065,0.30341654336316304,-4.846703353799782,0.30914362323809885,-5.086138561393954
5,plate_layout_10-10_26.npy,bowl-nl,0.1,0.02105302486157412,-3.5115164198954854,-0.1481099329125104,-2.8417356916082914,0.21088114402695413,-4.228335095867122,0.21892949643801862,-4.535030469928877
5,plate_layout_10-10_27.npy,bowl-nl,0.1,0.022468964162187355,-3.4935532247154772,0.06886725369629587,-3.7965936286547284,0.14018083162432815,-4.224840060045902,0.18968085060440998,-4.497520532531095
5,plate_layout_10-10_28.npy,bowl-nl,0.1,0.014687818494851679,-3.4368175719971115,0.1088508717092107,-3.72338030854221,0.4951616705225116,-6.481144148481735,0.20570607752334624,-4.406983242773258
5,plate_layout_10-10_30.npy,bowl-nl,0.1,0.07390956703870866,-3.71845247696471,0.286444824371752,-4.706783889227708,0.2180468618221566,-4.5632528128823395,0.3972062318931311,-5.876708636092811
5,plate_layout_10-10_34.npy,bowl-nl,0.1,0.05602644229107279,-3.594876252961963,0.15607383240189754,-4.087091563959552,0.0955019467803001,-3.599679625530169,0.40783277076281443,-5.971044654536657
5,plate_layout_10-10_35.npy,bowl-nl,0.1,0.03418540359932787,-3.467998123214921,0.22801366759405728,-4.31010597539581,-0.3011899831100169,-2.4456637192934285,0.38023655836509085,-5.830779795616629
5,plate_layout_10-10_37.npy,bowl-nl,0.1,0.036148185806690436,-3.4859865301144843,0.04446081662918977,-3.5096693773861745,-0.17955156432042174,-2.7965163811670117,0.40879190900671614,-6.093873870264623
5,plate_layout_10-10_38.npy,bowl-nl,0.1,0.016124785772147154,-3.5010017324554292,0.2980981608906915,-4.6407452550123045,0.11814902087155033,-4.002598568589758,0.45611692962666484,-6.794798941597698
5,plate_layout_10-10_39.npy,bowl-nl,0.1,0.06338401722903886,-3.6668571141513833,0.2202150982010761,-4.19293756399095,0.3784199699973052,-5.4405049903871525,0.54552603015703,-8.704259006291188
5,plate_layout_10-10_25.npy,bowl-nl,0.1,0.057790070160702145,-3.6079905370783405,0.328391364542831,-5.301881098685517,0.14443332641649997,-3.98845919974983,0.3812143723171607,-5.420491138390455
5,plate_layout_10-10_17.npy,bowl-nl,0.1,0.05836380833654464,-3.6729577676374134,0.4317632323002206,-6.219042235622108,0.37674933055244975,-5.301481067797492,0.44305776339241365,-6.74022763034115
5,plate_layout_10-10_33.npy,bowl-nl,0.1,0.05919706310903994,-3.5472786303053208,0.0876841159820071,-3.6268303444220034,0.4047122411343381,-5.818075495411948,0.45794256473759454,-6.618673094590008
5,plate_layout_10-10_05.npy,bowl-nl,0.1,0.010127577830289836,-3.4322905559488244,0.22866364430740926,-4.431147974399539,0.005307762866877397,-3.4166272547174357,0.27076120246381474,-4.708751038327844
5,plate_layout_10-10_31.npy,bowl-nl,0.1,0.004022301603712308,-3.378091644452073,0.006865828721269507,-3.2885413812965436,0.07160933828478466,-3.5506955280897627,0.49019159862351325,-6.821130535599218
5,plate_layout_10-10_18.npy,bowl-nl,0.1,0.07630739217624372,-3.666964825653758,0.10498040355949023,-3.6567813712320976,0.3123631021706834,-4.876678598236613,0.3467235766721475,-5.315630395524071
5,plate_layout_10-10_04.npy,bowl-nl,0.1,0.009661998467511812,-3.4434469973348665,-0.21570673802662266,-2.708716514813569,-0.1786576245175273,-2.795366173921444,0.29595019963955904,-4.854655643551151
5,plate_layout_10-10_21.npy,bowl-nl,0.1,0.06697510548041041,-3.642586467863963,-0.04551587092423026,-3.164345399760676,-0.09849610227379824,-3.244405611657681,0.5806572703094977,-8.032238866630378
5,plate_layout_10-10_14.npy,bowl-nl,0.1,0.03529876223251294,-3.4889045451862777,0.1722373781941795,-4.180768859402288,0.08884540819600029,-3.9186825214845764,0.4500131807975122,-6.131160309551918
5,plate_layout_10-10_13.npy,bowl-nl,0.1,0.049439207240178806,-3.6257789321274876,0.19435476312416688,-4.429953044043844,0.3105225873834817,-5.063022674566133,0.24511283880232493,-4.8957594020586646
5,plate_layout_10-10_08.npy,bowl-nl,0.1,0.07029342540770245,-3.6656456815713505,0.19817816586759496,-4.113761371744579,0.02302987658306288,-3.402992118596943,0.39274778863416504,-6.060733057598362
5,plate_layout_10-10_29.npy,bowl-nl,0.1,0.018005568516345716,-3.414286085594293,0.1513810775435992,-4.214420197040164,0.2816629177046187,-4.593537535366104,0.3316121598063142,-5.001988588385776
5,plate_layout_10-10_32.npy,bowl-nl,0.1,-0.007657517899694044,-3.37637499090777,-0.02454726654642192,-3.2385846722213443,0.2857593859855587,-4.979895948108913,0.1941906283532575,-4.595204658741463
5,plate_layout_10-10_22.npy,bowl-nl,0.1,0.029302514702228,-3.5708613733248256,-0.06817873875781011,-3.3860204879905256,0.32616162519921177,-5.468294128083041,0.18634653001590262,-4.163387982972002
5,plate_layout_10-10_16.npy,bowl-nl,0.1,-0.020291727911369906,-3.3334661264494527,-0.023790965761164573,-3.1475680185944492,0.12721679941889918,-3.9959154893414923,0.24910992061136328,-4.807920492051894
5,plate_layout_10-10_23.npy,bowl-nl,0.1,0.05157138702800068,-3.588159214998497,0.15538236308658704,-4.045200549993019,0.18785805879180073,-4.13794463727407,0.29167502696270664,-4.95027507691575
5,plate_layout_10-10_10.npy,bowl-nl,0.1,0.05214217035636193,-3.560692110137458,0.058734585389880745,-3.5071213845975606,0.0971890072724454,-3.7174976059911513,0.46831989237700355,-6.7096548404371985
5,plate_layout_10-10_01.npy,bowl-nl,0.1,-0.02178948465442332,-3.359336761620091,0.1832960407775952,-4.293030626774454,0.1770940448941195,-4.121388671849085,0.34502351999010916,-5.271754848028934
5,plate_layout_10-10_24.npy,bowl-nl,0.1,0.04419127302501347,-3.5604397651029043,0.042927761333851344,-3.6829466027569078,-0.006055165897504322,-3.3071020900256967,0.35848118865741696,-5.539152561727635
5,plate_layout_10-10_36.npy,bowl-nl,0.1,0.04835492247529716,-3.5985903852875882,-0.018376530200641117,-3.425592332319452,-0.20424922386286237,-2.720521295146424,0.3606937801149396,-5.284579505150529
5,plate_layout_10-10_12.npy,bowl-nl,0.1,0.03227287795837497,-3.5095713658592684,0.22333633060154512,-4.548642729979452,0.22106562450319278,-4.413335208839082,0.39036296793190195,-5.845666007400202
5,plate_layout_10-10_07.npy,bowl-nl,0.1,0.08511379403796837,-3.799202446929623,0.10028150452097306,-3.886783080587416,0.15016913219223404,-3.922349349486884,0.4775784073242426,-6.982098715813435
5,plate_layout_10-10_40.npy,bowl-nl,0.1,0.07111790727046796,-3.689980944353176,0.054121322373816505,-3.709680639729346,0.340876251416388,-5.333766488802993,0.25747107082572995,-4.633626151387183
6,plate_layout_10-10_02.npy,bowl-nl,0.1,0.06645808828597899,-3.6651033444275116,0.07383746473188313,-3.795500129702094,0.21292889563497963,-4.457303236491216,0.2955262567931124,-5.085016244375294
6,plate_layout_10-10_03.npy,bowl-nl,0.1,0.07039548535602624,-3.630333986286877,0.1621796476540701,-4.059427501373661,0.5853663159155229,-7.856542405090694,0.46402124604426587,-6.562423606101889
6,plate_layout_10-10_06.npy,bowl-nl,0.1,0.025411919924288262,-3.535278529435405,0.21366304736822161,-4.229960614646447,0.1942824747422881,-4.538371702828001,0.29803435323716054,-5.106799476024518
6,plate_layout_10-10_09.npy,bowl-nl,0.1,0.043815876895154315,-3.628947587657207,0.008903400783112136,-3.67959356110455,-0.2597061069287554,-2.6965449186826556,0.2255443505240844,-4.733650527712669
6,plate_layout_10-10_11.npy,bowl-nl,0.1,0.006825258055803807,-3.422458239254478,0.164888605078655,-4.3380978597364495,-0.020281598303240056,-3.2720447034808138,0.37122367224870345,-5.468570588883358
6,plate_layout_10-10_15.npy,bowl-nl,0.1,0.029655927216946876,-3.4754101972181304,-0.17121253190642927,-2.8028117759894107,0.026400134680626852,-3.3289541040588833,0.2842304596090621,-4.734428465903402
6,plate_layout_10-10_19.npy,bowl-nl,0.1,-0.021380171578918583,-3.3445209809829106,0.169015207085215,-4.064499635171853,-0.27996636131612007,-2.5581073419840767,0.5560255916352019,-7.778906726477094
6,plate_layout_10-10_20.npy,bowl-nl,0.1,0.07339891935719578,-3.6898895836263326,-0.03458312740294156,-3.3368206105139424,-0.062343629197735284,-3.075875592860285,0.4263103315024894,-6.535324691402982
6,plate_layout_10-10_26.npy,bowl-nl,0.1,0.07807058655764221,-3.739442815734836,-0.019691148159157512,-3.065957711493,0.2717854287146225,-4.468612840874443,0.3892926776802005,-5.944637160444959
6,plate_layout_10-10_27.npy,bowl-nl,0.1,0.012182916454962056,-3.3992313591995713,0.18227876991436365,-4.166722896994918,-0.08298998595943585,-3.2703337038263762,0.4230153732114984,-5.866534642451672
6,plate_layout_10-10_28.npy,bowl-nl,0.1,0.036134324274667784,-3.5547010218536084,0.14624440650863058,-3.954767489534875,0.14226651826301606,-4.0903240958168166,0.3078717256205098,-5.10182191181867
6,plate_layout_10-10_30.npy,bowl-nl,0.1,0.039507297672816355,-3.494650856489748,0.21154166321240575,-4.427852248372126,0.0243287629321971,-3.4324388903779113,0.4712675946510896,-6.378513395763411
6,plate_layout_10-10_34.npy,bowl-nl,0.1,0.0640844721988496,-3.6243766051255344,0.09632719656417688,-3.9441166220384702,-0.10239236199196977,-2.9415550355487206,0.4273319168134587,-6.1956923621863185
6,plate_layout_10-10_35.npy,bowl-nl,0.1,0.06511283044497729,-3.6437624470510612,0.22569930495686175,-4.277074976595633,0.3505506710387932,-5.154258610117098,0.34058930899655937,-5.262624672626009
6,plate_layout_10-10_37.npy,bowl-nl,0.1,0.04835088800259113,-3.5912789838158288,-0.09127321081786155,-3.189229491279751,0.19706174038235635,-4.2850593145317015,0.3201891264038518,-5.079628824005309
6,plate_layout_10-10_38.npy,bowl-nl,0.1,0.0334246218304346,-3.5216427029182427,0.2139336773504843,-4.328128989040313,-0.05556210518291982,-3.220661163581113,0.4675602201519913,-6.670213406012273
6,plate_layout_10-10_39.npy,bowl-nl,0.1,0.021439293781059465,-3.484711434837247,0.21995626571029636,-4.334027701169395,0.039350993262040945,-3.4072868899594444,0.4627482369099638,-6.449945816088671
6,plate_layout_10-10_25.npy,bowl-nl,0.1,0.04081706615912417,-3.488675502954616,0.3032014229469949,-4.897075150633133,0.14768110445907157,-3.709711312100061,0.2777022737151662,-4.888043758285692
6,plate_layout_10-10_17.npy,bowl-nl,0.1,0.05235599136034086,-3.570027126758198,0.31658124772607354,-5.488366414654099,0.2590277049764279,-4.972221531550439,0.5089805520594652,-7.639769895298819
6,plate_layout_10-10_33.npy,bowl-nl,0.1,0.04903313341855786,-3.4909322290919467,0.10278099803008245,-3.6597368310568257,0.36729310850828,-5.4830283842930525,0.41369877399914423,-5.624807672554548
6,plate_layout_10-10_05.npy,bowl-nl,0.1,0.0668784239170358,-3.597434605485295,0.24835292761827255,-4.4387825028582295,0.1730709128787532,-4.260783608358327,0.4945014621759344,-7.150813167601013
6,plate_layout_10-10_31.npy,bowl-nl,0.1,0.10060130573395965,-3.797897214121202,-0.010291077923598513,-3.175102732601777,0.3389980949502509,-5.641351572290035,0.39384889024048875,-6.3169428304433035
6,plate_layout_10-10_18.npy,bowl-nl,0.1,0.04789670099118726,-3.6506635567557106,0.05371926299999075,-3.644391670563283,0.14792931099206053,-3.9255433985365964,0.2411844499507806,-4.859066217597456
6,plate_layout_10-10_04.npy,bowl-nl,0.1,0.03528440110025166,-3.512328905968501,-0.1318132768807605,-2.8831323846498025,-0.18025597761878598,-2.7845755086835013,0.2774389984276986,-4.9760876381290045
6,plate_layout_10-10_21.npy,bowl-nl,0.1,0.015536001842788694,-3.4115447880066574,0.01865450319821449,-3.3614870675381017,-0.1521487430053965,-2.9304013452355524,0.28162163862871603,-4.70709411414462
6,plate_layout_10-10_14.npy,bowl-nl,0.1,0.0314790182836574,-3.5433845994731192,0.08785558235837432,-3.9019940236371395,-0.06634529004202427,-3.6162613075562304,0.24777655699941215,-4.5737285798195755
6,plate_layout_10-10_13.npy,bowl-nl,0.1,0.05549460479566115,-3.6465699668687073,0.23369633234148246,-4.32875646081848,0.26973715914367413,-4.999051308459808,0.3666294424793304,-5.300944427654461
6,plate_layout_10-10_08.npy,bowl-nl,0.1,0.03345553789844746,-3.5079463366527386,0.2241817930909794,-4.325965898500999,-0.04507020401676609,-3.2566580206147866,0.3470284179508635,-5.257603636697939
6,plate_layout_10-10_29.npy,bowl-nl,0.1,0.04875873686155141,-3.5441632292410765,0.24739735124601214,-4.468650200934527,0.01230173176479199,-3.493035432281475,0.24638140568696232,-4.597677665704043
6,plate_layout_10-10_32.npy,bowl-nl,0.1,-0.003755336468382442,-3.398524514458281,-0.0850213147618808,-3.0217980313624015,-0.2153883836276309,-2.8105115850534745,0.3127410876597527,-5.4698270928394335
6,plate_layout_10-10_22.npy,bowl-nl,0.1,-0.02140649799887795,-3.3160812963893385,-0.04293411447601492,-3.389140790992669,0.23712773027548006,-4.302906320735682,0.32859896424665314,-5.09435360726571
6,plate_layout_10-10_16.npy,bowl-nl,0.1,0.03414630057745627,-3.4849365580483926,0.0019631487118696445,-3.29627704191464,-0.14105895131950952,-2.9642021271831287,0.23884037951704562,-4.607281730873867
6,plate_layout_10-10_23.npy,bowl-nl,0.1,0.03098080301549866,-3.491548642806741,0.09768250786618493,-4.0994861277369,0.40377017413752325,-5.775037314326334,0.39476384843025825,-5.746938474091553
6,plate_layout_10-10_10.npy,bowl-nl,0.1,0.08467758610310694,-3.679019824255221,0.09653728641132442,-3.634780658490394,0.3992962372954838,-5.603610561713746,0.36810269228555925,-5.652573196630121
6,plate_layout_10-10_01.npy,bowl-nl,0.1,0.06043924261461853,-3.6560877283888793,0.14007925922137343,-4.207028326674978,0.136543479362908,-4.2322471929219585,0.31689602662757554,-5.04199723797114
6,plate_layout_10-10_24.npy,bowl-nl,0.1,0.07441425849627925,-3.6424276231483845,-0.008822955306848401,-3.3781758452307207,0.0931523980159027,-3.7417083588628355,0.20721552907398255,-4.2875775769348765
6,plate_layout_10-10_36.npy,bowl-nl,0.1,0.0008840125747475724,-3.3863433247998285,0.11260525188657511,-3.76003121806595,0.1616514853619374,-4.12591123827747,0.29147135636611865,-4.9101567763742295
6,plate_layout_10-10_12.npy,bowl-nl,0.1,0.038144834918474424,-3.5739265168188186,0.0505918975633729,-3.9527588056237706,0.2279542778383652,-4.617210193993586,0.31293094426327694,-5.088430154976797
6,plate_layout_10-10_07.npy,bowl-nl,0.1,0.03034919664125635,-3.5208881977592603,0.06858581334157798,-3.6785074997716403,-0.0005577256760496141,-3.492381643330348,0.3122983970428974,-5.120986452477066
6,plate_layout_10-10_40.npy,bowl-nl,0.1,0.08706168939290648,-3.7473190350631196,0.0390949939836609,-3.516010612775996,0.42184125887007784,-6.2058013053204775,0.3876565895604611,-5.822236080341839
7,plate_layout_10-10_02.npy,bowl-nl,0.1,0.06865166466327477,-3.6548366288583645,0.0865228079262621,-3.658951311666337,0.46712866050592516,-6.678123906048123,0.299645892534947,-5.101122932831242
7,plate_layout_10-10_03.npy,bowl-nl,0.1,0.08181586819571907,-3.74429566947008,0.06999209478025126,-3.589500248525525,-0.012628606582175461,-3.34221019963793,0.2197158363474856,-4.506832901552939
7,plate_layout_10-10_06.npy,bowl-nl,0.1,0.003525776337187092,-3.4331970587082803,0.19589600997143752,-4.128501129513087,0.019512712348321526,-3.386617673549986,0.39515361610764077,-5.684720937393799
7,plate_layout_10-10_09.npy,bowl-nl,0.1,0.023159432111912293,-3.4892440809747014,0.12186202487197428,-3.73693343325925,0.005963604742176276,-3.2824126850653155,0.3062031985194801,-5.193442560678067
7,plate_layout_10-10_11.npy,bowl-nl,0.1,0.05883812611025585,-3.645156398669518,0.12055473758860646,-4.083921465988751,0.2638465168262818,-5.2063624074775,0.21273589849193553,-4.502843086533924
7,plate_layout_10-10_15.npy,bowl-nl,0.1,0.039696904221357965,-3.463192755761817,-0.2938936290906098,-2.532454401162658,0.18566738377367042,-3.976731066175229,0.34129637497364607,-5.259828165809433
7,plate_layout_10-10_19.npy,bowl-nl,0.1,0.06749831758704217,-3.6681645539391576,0.20471206388321517,-4.107075703770526,0.20350412293647768,-4.1380871642435375,0.4631047750886249,-6.480155532494531
7,plate_layout_10-10_20.npy,bowl-nl,0.1,0.058206482725088216,-3.569248507104743,-0.030976706946644228,-3.230862863398199,0.22894577610443279,-4.342365817802349,0.32288450021652404,-5.083303551893252
7,plate_layout_10-10_26.npy,bowl-nl,0.1,0.054595178986981185,-3.5368480519044705,-0.061727656010513554,-3.086541253441249,0.03871405035014963,-3.307568455533935,0.43452211015643605,-6.113030485808
7,plate_layout_10-10_27.npy,bowl-nl,0.1,0.13218069402297428,-3.905015506322863,0.14406877660165707,-3.899836366929963,0.2661652021734018,-4.631989520450574,0.39273367875325904,-5.673543663378309
7,plate_layout_10-10_28.npy,bowl-nl,0.1,0.08978910718838273,-3.729400236152022,0.12143663656200165,-3.7523171663458594,0.0862652580438883,-3.6755208645887105,0.44856006437609697,-6.485662495605553
7,plate_layout_10-10_30.npy,bowl-nl,0.1,-0.0017725457240995723,-3.379513010460834,0.23753823914427263,-4.877712340330681,0.27100172021671076,-4.631131998778265,0.3515153878580737,-5.467379664401208
7,plate_layout_10-10_34.npy,bowl-nl,0.1,0.043550205297910094,-3.547578776394423,0.18915339701988387,-4.081373093838477,0.05772415000351705,-3.4761766716491853,0.3310137824509609,-5.181085008841398
7,plate_layout_10-10_35.npy,bowl-nl,0.1,0.03740817319315948,-3.499556351935538,0.17237090876853178,-4.313404713202547,0.21449540852058446,-4.257951018841271,0.35415923850406417,-5.045781543004142
7,plate_layout_10-10_37.npy,bowl-nl,0.1,0.0950681377343977,-3.782009260254726,-0.019911423535760253,-3.4319799778548985,0.0498668966173923,-3.5790084284182604,0.4053856534429946,-5.891415900477867
7,plate_layout_10-10_38.npy,bowl-nl,0.1,-0.0676726585480183,-3.140938799342654,0.3073078291904664,-4.825864140690531,0.0919117922930427,-3.7653197426204197,0.35128939205221266,-5.4546605224536
7,plate_layout_10-10_39.npy,bowl-nl,0.1,0.027068771633846467,-3.4635959986924503,0.16780080824740207,-4.249496729629534,0.13771206547232862,-3.7335463830094677,0.2927559034929673,-4.753445051755906
7,plate_layout_10-10_25.npy,bowl-nl,0.1,0.024814518785776785,-3.44895652812744,0.2087497952864581,-4.587066578061783,0.23830077236272484,-4.5132348769549075,0.14682703450480217,-4.002232496515333
7,plate_layout_10-10_17.npy,bowl-nl,0.1,0.0899581837667578,-3.7654342020322824,0.38718685210766823,-5.94546104857232,0.1968174489737461,-4.274857432570797,0.24921660926802391,-4.675833252974809
7,plate_layout_10-10_33.npy,bowl-nl,0.1,-0.001525687528459052,-3.3648902573717363,0.17046814219394035,-3.813767299482504,0.13844385477821497,-3.7400954298377322,0.447753930381246,-6.226037666444163
7,plate_layout_10-10_05.npy,bowl-nl,0.1,0.053750040814782185,-3.5237586134018297,0.24273058258168811,-4.409190961449023,-0.053019313566468274,-3.143208425745193,0.29602827932451803,-4.820039024512576
7,plate_layout_10-10_31.npy,bowl-nl,0.1,0.014705446927640087,-3.4565760603352196,-0.08376980982319981,-3.1484068341025027,0.10154358850177203,-3.7780714531133732,0.587534899080148,-8.60049913440444
7,plate_layout_10-10_18.npy,bowl-nl,0.1,-0.012483442180339033,-3.370467836779335,0.17780355058517017,-3.9496965052645074,0.041229978781233134,-3.550299643742591,0.32320419085817986,-5.243039038313931
7,plate_layout_10-10_04.npy,bowl-nl,0.1,0.042818045326464826,-3.5535687256948734,-0.13305931781339342,-2.904326768625219,0.10301890791659674,-3.7076306323660018,0.3241226019706299,-5.122628708316894
7,plate_layout_10-10_21.npy,bowl-nl,0.1,0.0872152239600571,-3.751002897284984,-0.04505670661493477,-3.3237247363165507,0.1895658155368397,-4.400575462335786,0.4072601503663822,-5.820782053152819
7,plate_layout_10-10_14.npy,bowl-nl,0.1,0.07375992287477207,-3.7640065375566185,0.059890140674969894,-3.825996061098448,0.20330480126751072,-4.628341543238935,0.3430692965468226,-5.872494380692763
7,plate_layout_10-10_13.npy,bowl-nl,0.1,0.06577526940452039,-3.597339175622636,0.16973845819772093,-4.0756590645497885,0.15125033202140015,-3.8401458639914066,0.38097566173095143,-5.518510176788869
7,plate_layout_10-10_08.npy,bowl-nl,0.1,0.07471786276262371,-3.6689566757983556,0.16373467114655815,-3.9658891339359275,-0.03894376516835707,-3.1482004379794755,0.301138772701779,-4.912542150433279
7,plate_layout_10-10_29.npy,bowl-nl,0.1,0.07733300963557477,-3.6622300087173825,0.14454103571626908,-4.038489036489238,0.040542071996561235,-3.4710457866707305,0.39745379675126424,-5.810214490231992
7,plate_layout_10-10_32.npy,bowl-nl,0.1,0.020736951725920827,-3.4990636359123695,-0.03159838222255673,-3.2424067405316293,0.18112720566380736,-4.3106575921003705,0.2223174551046756,-4.548969543079531
7,plate_layout_10-10_22.npy,bowl-nl,0.1,0.013938420280622865,-3.4516517441224357,0.0588811839322092,-3.5807080175705344,0.19469011108776046,-4.293815834603526,0.3740635689218298,-5.3720100273667235
7,plate_layout_10-10_16.npy,bowl-nl,0.1,0.04548581284943831,-3.59241470817802,-0.10457074309576475,-3.1285282512304415,-0.06961663712292765,-3.0013005234846464,0.3374282918764425,-5.427350741620425
7,plate_layout_10-10_23.npy,bowl-nl,0.1,0.03176166612288989,-3.5280635133178553,0.11256583540453946,-3.898362643843224,-0.08069197704027253,-3.2585751802280125,0.28505937987128127,-4.628163612323952
7,plate_layout_10-10_10.npy,bowl-nl,0.1,-0.009583922914059073,-3.320460518084858,0.028856858242396477,-3.430569983621903,0.26695873956955285,-5.042727969303636,0.2679819261158587,-4.562520391295784
7,plate_layout_10-10_01.npy,bowl-nl,0.1,0.01312728029234711,-3.4016646943156417,0.25866880510133694,-4.351319200633133,0.06723252802417601,-3.4085782190605163,0.39772614658933403,-6.0013894746380325
7,plate_layout_10-10_24.npy,bowl-nl,0.1,0.04932374693835295,-3.5910275585224274,0.0640403754738994,-3.7666051878280022,-0.13106876607287887,-3.0810726259846866,0.3710550448324277,-5.626421208356011
7,plate_layout_10-10_36.npy,bowl-nl,0.1,0.053407132237870636,-3.573824377168985,0.09393046659932669,-3.7461491697055465,0.3501235461345168,-4.968235472755306,0.3461258920954461,-5.586807521790459
7,plate_layout_10-10_12.npy,bowl-nl,0.1,0.11413805542619748,-3.8499227733802166,0.1839021368207434,-4.1806122641218515,0.16518952324209601,-4.0214087748557965,0.29160116802184843,-5.002336511265057
7,plate_layout_10-10_07.npy,bowl-nl,0.1,0.022022371289639464,-3.484036110530028,-0.01803223969299994,-3.4559848151128527,-0.013508173921922051,-3.241158877467664,0.41638501190106525,-5.9904872510807765
7,plate_layout_10-10_40.npy,bowl-nl,0.1,0.06625723267177552,-3.5559329798827934,0.07576243167298369,-3.5427597614285324,0.3584632855811629,-5.451129399945684,0.3754382818874874,-5.281152442251445
8,plate_layout_10-10_02.npy,bowl-nl,0.1,0.01600551227143565,-3.4586510865435325,0.061499831129492755,-3.6299101936918508,0.29729621604549894,-4.704640352346181,0.30954788733561356,-4.962711952630117
8,plate_layout_10-10_03.npy,bowl-nl,0.1,0.04472388959312856,-3.554705818769504,0.08054213154307,-3.8044849998737287,-0.06819970067538605,-3.25834627885632,0.34696051843798537,-5.297125576199866
8,plate_layout_10-10_06.npy,bowl-nl,0.1,0.04641906198731982,-3.551430276935802,0.2352608309728622,-4.343256626930849,-0.044528916964172494,-3.406039733261575,0.2971531849764447,-5.162197090783032
8,plate_layout_10-10_09.npy,bowl-nl,0.1,0.03421807321960768,-3.4856833727952687,0.09054248064175063,-3.702642551263519,0.37991509577495364,-6.049850019643195,0.2823105278514312,-4.826509345444262
8,plate_layout_10-10_11.npy,bowl-nl,0.1,-0.0011788993755661448,-3.3647145761155937,0.20423624851460276,-4.11905403375203,0.09837373278294992,-3.7817099989185383,0.25623042490820247,-4.471029271543945
8,plate_layout_10-10_15.npy,bowl-nl,0.1,0.04999802400456799,-3.5396606979790306,-0.12202551729312683,-2.8375964164972483,0.15930165031587262,-4.04695233830943,0.4686606694828477,-6.71946627523631
8,plate_layout_10-10_19.npy,bowl-nl,0.1,0.05437832405230958,-3.611915848444716,0.23293716299256073,-4.365386799976004,0.18975478627583453,-4.373296328963246,0.4666022392424384,-7.293580127202627
8,plate_layout_10-10_20.npy,bowl-nl,0.1,0.04382843803154601,-3.5360477987656123,-0.10615226628905172,-3.1673599827239163,0.2768175231745127,-4.856001145509298,0.3534448499263704,-5.304646329925167
8,plate_layout_10-10_26.npy,bowl-nl,0.1,0.043879742032438385,-3.5352891596345772,-0.05383500185198664,-3.0616448104729335,-0.30405624618329896,-2.4366383585566025,0.3789231288526548,-5.156133979275691
8,plate_layout_10-10_27.npy,bowl-nl,0.1,0.059311224789365014,-3.6210126524529582,0.14822436790501436,-3.950168612854793,-0.0024280158599532253,-3.2420878338768757,0.2761681561067144,-4.623368188868134
8,plate_layout_10-10_28.npy,bowl-nl,0.1,0.019913888899231846,-3.493959496436163,0.0761594761364438,-3.595033699088565,0.009662837903507748,-3.5921781684675005,0.3101205210285547,-5.016100621280486
8,plate_layout_10-10_30.npy,bowl-nl,0.1,0.10931456551820817,-3.8486382703699356,0.2537311941567829,-4.5920452752317535,0.07448420210391837,-3.689081136043472,0.5631216842521627,-8.952828601493943
8,plate_layout_10-10_34.npy,bowl-nl,0.1,0.005926864960297151,-3.364422169506526,0.18507583340530842,-4.017822176294083,0.057776437230913635,-3.46605724547603,0.4015397672111575,-5.756207819767134
8,plate_layout_10-10_35.npy,bowl-nl,0.1,0.022709449210326693,-3.4712907598408007,0.19258713522009452,-4.107039822984329,0.4914685941468082,-6.916388889800007,0.2517789027455648,-4.994378617406126
8,plate_layout_10-10_37.npy,bowl-nl,0.1,0.012580059106892416,-3.4165497557283278,-0.011123315174068615,-3.29218389597103,0.3687804160097009,-5.915501314179785,0.3090980202864424,-4.877658471822653
8,plate_layout_10-10_38.npy,bowl-nl,0.1,0.04342638541276289,-3.5798813704492005,0.1695869719102846,-4.35988245403178,-0.15520251810156216,-2.9315809075405386,0.29643596617041745,-5.263291812831589
8,plate_layout_10-10_39.npy,bowl-nl,0.1,0.05675158450823936,-3.579514538183721,0.24862949488557806,-4.2551662986905745,0.19001970418525727,-4.529042004882645,0.24765186574908982,-4.744636551488347
8,plate_layout_10-10_25.npy,bowl-nl,0.1,0.1545607648574041,-4.035293066460244,0.24948746262163524,-4.85747507090648,0.3495381769563266,-5.360756034132721,0.2594606923007592,-4.753480795622373
8,plate_layout_10-10_17.npy,bowl-nl,0.1,0.10424801678887674,-3.814288033583373,0.45572761142658136,-6.512445993999882,0.07071484080209012,-3.6073442400844864,0.45084788808799536,-6.311637979871229
8,plate_layout_10-10_33.npy,bowl-nl,0.1,0.011341897890806418,-3.4311862095993897,0.12534246988422426,-3.6884820732083887,-0.11265288698629661,-2.989165471340161,0.3570560895710172,-5.779441908742389
8,plate_layout_10-10_05.npy,bowl-nl,0.1,0.03222737655065233,-3.5611627046941363,0.23889323202160184,-4.444456177211852,0.15356017368666808,-4.021779185721595,0.30320800372915013,-5.19423652395411
8,plate_layout_10-10_31.npy,bowl-nl,0.1,0.05146779052439154,-3.610298058461283,-0.08280380469586279,-3.0496273047218465,0.031269219264607684,-3.4859827207886123,0.33268437359514846,-5.556409679961067
8,plate_layout_10-10_18.npy,bowl-nl,0.1,0.059766967656500025,-3.62079396005866,0.027833144347310323,-3.6777904472120375,0.31647960322772595,-5.08700070168572,0.3680889567627543,-5.673932706083589
8,plate_layout_10-10_04.npy,bowl-nl,0.1,0.01860866033679487,-3.4838903027866825,-0.20434557971670508,-2.750646475135952,0.3046073022341881,-5.019890111281663,0.18819666621013287,-4.20196769811193
8,plate_layout_10-10_21.npy,bowl-nl,0.1,0.09163543918269346,-3.7876759982926127,-0.03619265659363169,-3.3971251021608024,0.27529977547325135,-4.783611263066227,0.4662030775501367,-6.733505741654334
8,plate_layout_10-10_14.npy,bowl-nl,0.1,0.02034064098225208,-3.48550942187999,0.19705536795134693,-4.247816334992813,0.26817343712240216,-4.921652786734604,0.18909485135495574,-4.3320555822198
8,plate_layout_10-10_13.npy,bowl-nl,0.1,0.054110984127905826,-3.56189205003654,0.1594278815717416,-3.9813956382981774,0.24569257459877114,-4.52798024904901,0.3541553578343344,-5.264127390871474
8,plate_layout_10-10_08.npy,bowl-nl,0.1,-0.013614305841109564,-3.331257980696153,0.13523322061892717,-3.7880901484357317,0.25907519085420805,-4.544590972655191,0.35923611645872877,-5.804903750534197
8,plate_layout_10-10_29.npy,bowl-nl,0.1,0.05998269809926682,-3.5731430907734323,0.19852710146527774,-4.32901630024009,-0.16085085083463602,-2.936911065356134,0.3627709797585954,-5.283619445825408
8,plate_layout_10-10_32.npy,bowl-nl,0.1,0.09545274150799299,-3.7484019485527593,-0.08068646334960095,-3.129848891684138,-0.0337767547452581,-3.302913829099749,0.4239567041272696,-6.2847193861451025
8,plate_layout_10-10_22.npy,bowl-nl,0.1,0.057584198575962975,-3.609971493294266,0.07643933814413828,-3.54208098165312,-0.09999626688817109,-2.976680180679933,0.24485634533443623,-4.755404007853821
8,plate_layout_10-10_16.npy,bowl-nl,0.1,0.09588242478930797,-3.784494557312473,0.023502126680217894,-3.429437492102848,0.15532874972098576,-4.1275715815356895,0.3283048137891722,-5.203758795348933
8,plate_layout_10-10_23.npy,bowl-nl,0.1,0.023467460134934726,-3.504982462576786,0.16040066247418372,-4.013495073776898,0.29630582434550656,-4.9887837727647,0.29477374766438424,-4.9730283533183135
8,plate_layout_10-10_10.npy,bowl-nl,0.1,0.09216236262367017,-3.762403700344866,0.06657872288365507,-3.594689934680987,0.4226775491848419,-5.711192406678915,0.3325535359329769,-5.318435385054978
8,plate_layout_10-10_01.npy,bowl-nl,0.1,0.08748658187980896,-3.7722770978367834,0.21939759403196557,-4.220671870520182,0.3635897708190713,-5.4571359355107845,0.25863163780150045,-4.87384074809748
8,plate_layout_10-10_24.npy,bowl-nl,0.1,0.04036352146780253,-3.5113918867271594,0.07348425568602757,-3.654532907054394,-0.113520946715016,-2.9961441608403314,0.42217034765406625,-6.162226021776483
8,plate_layout_10-10_36.npy,bowl-nl,0.1,0.031824490417504014,-3.527050857760681,-0.0341106841757044,-3.3331392092365246,0.012780960830057198,-3.444774574154127,0.3313882054759021,-5.479588793671169
8,plate_layout_10-10_12.npy,bowl-nl,0.1,0.05203055204748375,-3.585820369607566,0.2363302881286743,-4.355816725338221,0.04250840056756455,-3.5523536577491193,0.33445052280174614,-5.238640639722124
8,plate_layout_10-10_07.npy,bowl-nl,0.1,0.07501684038241063,-3.682054779037287,0.0734516283736254,-3.7371825628310047,0.351591907659913,-5.798625885905216,0.3806907842348166,-5.715982586778066
8,plate_layout_10-10_40.npy,bowl-nl,0.1,0.06100118216116901,-3.6497644982322157,0.0679140432209675,-3.644260557460183,0.3848036906668598,-5.887106190084404,0.3538130135491868,-5.353309456519821
9,plate_layout_10-10_02.npy,bowl-nl,0.1,0.11990242826506359,-3.8769065574132195,0.1240791111122782,-3.688881140678977,0.09179916300845159,-3.674548025028638,0.6497588569100066,-10.332294108642348
9,plate_layout_10-10_03.npy,bowl-nl,0.1,0.04769544460768893,-3.5002590724830926,0.09449324670307757,-3.902954344791094,-0.11126473516344859,-2.9250755529866748,0.35017670370545306,-5.369836731140295
9,plate_layout_10-10_06.npy,bowl-nl,0.1,0.04027520338260093,-3.50463424529919,0.207940672998419,-4.184325381003467,0.005582353913213045,-3.363838954324663,0.3929115445273069,-5.631403811713686
9,plate_layout_10-10_09.npy,bowl-nl,0.1,0.0603419524786174,-3.609580673440291,0.030861133457697587,-3.4106592905426782,0.4761753203994642,-7.366490917040115,0.43180739834033066,-6.62799806282826
9,plate_layout_10-10_11.npy,bowl-nl,0.1,0.08831139395220378,-3.6958885657216833,0.0517046471002639,-3.7786168580501154,0.08034955546903566,-3.874221575701935,0.31159032876981196,-4.79888972360299
9,plate_layout_10-10_15.npy,bowl-nl,0.1,0.05033135076689188,-3.616237199163277,-0.21551688293287685,-2.698526950465397,-0.07577365175878659,-3.391058899216486,0.19871365903854998,-4.37320131869539
9,plate_layout_10-10_19.npy,bowl-nl,0.1,0.062299442936984084,-3.610712314671491,0.20361385114792097,-4.2023678014891805,-0.02129559255961122,-3.164811501492551,0.5203282924697195,-7.188093658881105
9,plate_layout_10-10_20.npy,bowl-nl,0.1,0.017310120670387064,-3.4736405568013815,-0.04011957165589086,-3.232861300706978,0.36545135525165573,-5.610178569149506,0.38097102029666385,-5.277833243087373
9,plate_layout_10-10_26.npy,bowl-nl,0.1,0.0346093099995507,-3.5781755433808486,-0.08215825349516814,-2.947870228310031,0.23833088056466134,-4.425285027449246,0.46575237638973466,-6.55821267576425
9,plate_layout_10-10_27.npy,bowl-nl,0.1,-0.03473537115735836,-3.2721915002616346,0.11181689065435607,-3.8710888765905054,-0.01227500170827156,-3.2747379750291805,0.23251918259269067,-4.643758775523569
9,plate_layout_10-10_28.npy,bowl-nl,0.1,0.05379717006830753,-3.5978376912973475,0.11459782659275397,-3.7788179082220545,0.03219123336278196,-3.657220059578127,0.3823294773303175,-5.5040552173358135
9,plate_layout_10-10_30.npy,bowl-nl,0.1,0.012939084389509303,-3.426114399048402,0.2770667212302259,-4.43080819162085,0.2046728337373388,-4.250381458108066,0.5075391373098923,-7.5164370839068955
9,plate_layout_10-10_34.npy,bowl-nl,0.1,-0.01636342273999669,-3.334702317317636,0.09649875935545693,-3.823571317233086,0.1283645405877063,-3.972566177827758,0.4389703927025389,-6.189385308528726
9,plate_layout_10-10_35.npy,bowl-nl,0.1,0.08221623077967422,-3.6756367045835097,0.27788755068807225,-4.617472469332211,0.33555227258660325,-5.087695885925407,0.3469978043433176,-5.637117318653202
9,plate_layout_10-10_37.npy,bowl-nl,0.1,0.012573812224790482,-3.4473423127081984,-0.027035321698186232,-3.2995510158989836,0.17993771755828813,-4.2503722358480776,0.4593627561880319,-6.501675388392319
9,plate_layout_10-10_38.npy,bowl-nl,0.1,0.028073091592341615,-3.4726093135349156,0.26787289436965456,-4.582214272932377,-0.16002572636834667,-2.824623586592318,0.4040400438582423,-5.918398695747347
9,plate_layout_10-10_39.npy,bowl-nl,0.1,0.05714657745963525,-3.6590337196990994,0.15415089689653672,-4.294224694414137,0.09212421117083547,-3.5906794223869487,0.3470618648565478,-5.453087277885623
9,plate_layout_10-10_25.npy,bowl-nl,0.1,0.03132900882771572,-3.587893655249002,0.26011440558282917,-4.711574889089089,0.09084761039640832,-3.7919117784595637,0.3612721685426519,-6.0303548673231795
9,plate_layout_10-10_17.npy,bowl-nl,0.1,0.06793050034034598,-3.6658221294135136,0.3921242519156014,-5.995640839847676,0.09355351094086406,-3.96662566708295,0.46664952264643433,-6.412627849789911
9,plate_layout_10-10_33.npy,bowl-nl,0.1,0.031176013939011926,-3.508006771443851,0.14086425333527453,-3.851007818979189,-0.26765112978280436,-2.6839801307490467,0.4497195524940808,-6.239090653765707
9,plate_layout_10-10_05.npy,bowl-nl,0.1,0.06269721757149471,-3.6453517970730354,0.2482100248691369,-4.648954325266718,0.1677850290748084,-4.496301823541519,0.5084381659721141,-6.964735228515077
9,plate_layout_10-10_31.npy,bowl-nl,0.1,0.03155082752068594,-3.481371285089009,-0.01890936881411509,-3.2717215782894473,0.1341868459650769,-3.996117278648877,0.37616315266560163,-5.739348127258592
9,plate_layout_10-10_18.npy,bowl-nl,0.1,0.0836319755893935,-3.766913910424388,0.0945791999959269,-3.6058664079840117,0.4563624179819893,-6.49992379721542,0.4119687525612502,-6.048709346715954
9,plate_layout_10-10_04.npy,bowl-nl,0.1,0.011255271216943585,-3.3900507645079663,-0.11062046158540184,-2.9562881143038386,-0.29930582548141316,-2.6064249136629782,0.3925949781244793,-5.708826315772388
9,plate_layout_10-10_21.npy,bowl-nl,0.1,0.049968926389212576,-3.5987391155434323,0.00286519359301296,-3.3782095986987097,0.2247860921136251,-4.5364752243415785,0.35450747287946505,-5.651756876327717
9,plate_layout_10-10_14.npy,bowl-nl,0.1,0.040835574670256336,-3.5425555676518914,0.17756578923407762,-4.124482725241933,0.15602546927151417,-3.9197686388354644,0.4116470737063803,-5.934519494592059
9,plate_layout_10-10_13.npy,bowl-nl,0.1,0.0884449466339341,-3.711380832218715,0.20122759894218123,-4.117692473787192,0.16147456815262962,-3.938488375679407,0.5244102612659896,-7.3847649503568515
9,plate_layout_10-10_08.npy,bowl-nl,0.1,0.09168334321320692,-3.7470610993926066,0.13211349798861294,-3.9167705681903127,0.18603967491204487,-4.163453155478528,0.17926927014600946,-4.3197481269933675
9,plate_layout_10-10_29.npy,bowl-nl,0.1,0.025958963450257944,-3.529338859411219,0.20041628015171276,-4.11363597954863,0.02421567900220356,-3.525514649794366,0.40988086585051053,-6.280483114533859
9,plate_layout_10-10_32.npy,bowl-nl,0.1,0.037926627462392726,-3.549003322307013,-0.05078651716973903,-3.2287336738212637,0.14957455913468642,-3.861279120294028,0.3217331770225704,-5.475712324545171
9,plate_layout_10-10_22.npy,bowl-nl,0.1,0.1042177935245111,-3.7758629408039632,-0.015804404234331493,-3.403137481201677,0.09202055988171398,-3.6569054617913905,0.31981263493702705,-5.337189107961056
9,plate_layout_10-10_16.npy,bowl-nl,0.1,0.009434152820397612,-3.3847107792344704,-0.027960005009793676,-3.36200173240268,-0.0857152361332374,-3.149122808807957,0.34795987965514164,-5.425027928862236
9,plate_layout_10-10_23.npy,bowl-nl,0.1,0.05460850898390701,-3.5498324041329252,0.1638060847427415,-4.137622930646516,0.3927469723688415,-5.737382169980047,0.3313808656618167,-5.110035811011774
9,plate_layout_10-10_10.npy,bowl-nl,0.1,0.05520338755504839,-3.592057976908117,0.10480681260180258,-3.657881056954353,0.2581049313089029,-4.348537549650942,0.30473830093592513,-4.943712374899677
9,plate_layout_10-10_01.npy,bowl-nl,0.1,0.011203638636738567,-3.4085617264186117,0.14294700539098282,-4.053277882299215,-0.07394556693413645,-3.0590891369513864,0.22655392123683227,-4.317573120669567
9,plate_layout_10-10_24.npy,bowl-nl,0.1,0.08857965910387611,-3.713848188076114,-0.11393430892019363,-3.1273980068320326,-0.1022765940343382,-3.0524858659600542,0.4537094791574725,-6.430032066803622
9,plate_layout_10-10_36.npy,bowl-nl,0.1,0.02409649574523265,-3.4694877335948697,-0.003894946204713756,-3.451995966871112,0.2925098139969945,-5.0987601640105416,0.39887660647998513,-5.754696583444616
9,plate_layout_10-10_12.npy,bowl-nl,0.1,0.011423863580875326,-3.4275530380286323,0.10581619952213273,-4.002361224049454,0.18051009750590252,-4.200546792782034,0.3485102886458551,-5.183708623008872
9,plate_layout_10-10_07.npy,bowl-nl,0.1,0.06018426231813945,-3.6257799633290437,0.04028517088495487,-3.7181504878167817,0.038745128583875355,-3.5293614438626886,0.36234748050562815,-5.5072751321123095
9,plate_layout_10-10_40.npy,bowl-nl,0.1,0.006062471196130903,-3.433076566320589,0.04449022251035917,-3.416434611051106,-0.27800120942909934,-2.7325286469062524,0.21116051617875775,-4.764600044925246
